<?xml version="1.0"?>
<opencv_storage>
<cascade>
  <stageType>BOOST</stageType>
  <featureType>HAAR</featureType>
  <height>24</height>
  <width>24</width>
  <stageParams>
    <boostType>GAB</boostType>
    <minHitRate>9.9500000476837158e-01</minHitRate>
    <maxFalseAlarm>5.0000000000000000e-01</maxFalseAlarm>
    <weightTrimRate>9.4999998807907104e-01</weightTrimRate>
    <maxDepth>1</maxDepth>
    <maxWeakCount>100</maxWeakCount></stageParams>
  <featureParams>
    <maxCatCount>0</maxCatCount>
    <featSize>1</featSize>
    <mode>BASIC</mode></featureParams>
  <stageNum>20</stageNum>
  <stages>
    <!-- stage 0 -->
    <_>
      <maxWeakCount>2</maxWeakCount>
      <stageThreshold>2.3421827703714371e-02</stageThreshold>
      <weakClassifiers>
        <_>
          <internalNodes>
            0 -1 7 -1.1420135200023651e-01</internalNodes>
          <leafValues>
            1. -8.7692308425903320e-01</leafValues></_>
        <_>
          <internalNodes>
            0 -1 6 -1.6297159716486931e-02</internalNodes>
          <leafValues>
            9.0034490823745728e-01 -9.1395050287246704e-01</leafValues></_></weakClassifiers></_>
    <!-- stage 1 -->
    <_>
      <maxWeakCount>2</maxWeakCount>
      <stageThreshold>-1.4341735839843750e-01</stageThreshold>
      <weakClassifiers>
        <_>
          <internalNodes>
            0 -1 28 -3.5291254520416260e-02</internalNodes>
          <leafValues>
            7.5999999046325684e-01 -9.3333333730697632e-01</leafValues></_>
        <_>
          <internalNodes>
            0 -1 8 -6.7205145955085754e-02</internalNodes>
          <leafValues>
            7.9761898517608643e-01 -9.0341734886169434e-01</leafValues></_></weakClassifiers></_>
    <!-- stage 2 -->
    <_>
      <maxWeakCount>2</maxWeakCount>
      <stageThreshold>-2.9112580418586731e-01</stageThreshold>
      <weakClassifiers>
        <_>
          <internalNodes>
            0 -1 22 3.5184182226657867e-02</internalNodes>
          <leafValues>
            -9.3333333730697632e-01 7.5999999046325684e-01</leafValues></_>
        <_>
          <internalNodes>
            0 -1 21 -9.0601351112127304e-03</internalNodes>
          <leafValues>
            6.4220750331878662e-01 -9.3074738979339600e-01</leafValues></_></weakClassifiers></_>
    <!-- stage 3 -->
    <_>
      <maxWeakCount>3</maxWeakCount>
      <stageThreshold>-6.3359755277633667e-01</stageThreshold>
      <weakClassifiers>
        <_>
          <internalNodes>
            0 -1 17 -1.5007792413234711e-01</internalNodes>
          <leafValues>
            1. -7.9411762952804565e-01</leafValues></_>
        <_>
          <internalNodes>
            0 -1 19 3.6792241036891937e-02</internalNodes>
          <leafValues>
            -6.1425328254699707e-01 8.3889442682266235e-01</leafValues></_>
        <_>
          <internalNodes>
            0 -1 35 4.1798599064350128e-02</internalNodes>
          <leafValues>
            -6.7837435007095337e-01 9.6331399679183960e-01</leafValues></_></weakClassifiers></_>
    <!-- stage 4 -->
    <_>
      <maxWeakCount>2</maxWeakCount>
      <stageThreshold>-2.3076276481151581e-01</stageThreshold>
      <weakClassifiers>
        <_>
          <internalNodes>
            0 -1 38 4.8555158078670502e-02</internalNodes>
          <leafValues>
            -7.6470589637756348e-01 8.8235294818878174e-01</leafValues></_>
        <_>
          <internalNodes>
            0 -1 4 -4.1952292667701840e-04</internalNodes>
          <leafValues>
            -9.3157476186752319e-01 5.3394311666488647e-01</leafValues></_></weakClassifiers></_>
    <!-- stage 5 -->
    <_>
      <maxWeakCount>2</maxWeakCount>
      <stageThreshold>-3.5257515311241150e-01</stageThreshold>
      <weakClassifiers>
        <_>
          <internalNodes>
            0 -1 34 -1.8731899559497833e-02</internalNodes>
          <leafValues>
            7.7777779102325439e-01 -7.6119405031204224e-01</leafValues></_>
        <_>
          <internalNodes>
            0 -1 30 2.3985488223843277e-04</internalNodes>
          <leafValues>
            4.0861886739730835e-01 -1.</leafValues></_></weakClassifiers></_>
    <!-- stage 6 -->
    <_>
      <maxWeakCount>3</maxWeakCount>
      <stageThreshold>-7.9359412193298340e-01</stageThreshold>
      <weakClassifiers>
        <_>
          <internalNodes>
            0 -1 16 -6.1849541962146759e-02</internalNodes>
          <leafValues>
            6.3636362552642822e-01 -8.0952382087707520e-01</leafValues></_>
        <_>
          <internalNodes>
            0 -1 12 -3.3954028040170670e-02</internalNodes>
          <leafValues>
            9.4406199455261230e-01 -6.2325185537338257e-01</leafValues></_>
        <_>
          <internalNodes>
            0 -1 42 5.4572423687204719e-04</internalNodes>
          <leafValues>
            6.3918149471282959e-01 -1.</leafValues></_></weakClassifiers></_>
    <!-- stage 7 -->
    <_>
      <maxWeakCount>2</maxWeakCount>
      <stageThreshold>-2.3858347535133362e-01</stageThreshold>
      <weakClassifiers>
        <_>
          <internalNodes>
            0 -1 37 -5.1793441176414490e-02</internalNodes>
          <leafValues>
            8.8888889551162720e-01 -7.9104477167129517e-01</leafValues></_>
        <_>
          <internalNodes>
            0 -1 43 -2.5355757679790258e-04</internalNodes>
          <leafValues>
            -9.6530491113662720e-01 5.5246132612228394e-01</leafValues></_></weakClassifiers></_>
    <!-- stage 8 -->
    <_>
      <maxWeakCount>2</maxWeakCount>
      <stageThreshold>-4.5700973272323608e-01</stageThreshold>
      <weakClassifiers>
        <_>
          <internalNodes>
            0 -1 2 -8.2091651856899261e-02</internalNodes>
          <leafValues>
            5.8333331346511841e-01 -8.3606559038162231e-01</leafValues></_>
        <_>
          <internalNodes>
            0 -1 41 -9.7121670842170715e-04</internalNodes>
          <leafValues>
            -1. 3.7905582785606384e-01</leafValues></_></weakClassifiers></_>
    <!-- stage 9 -->
    <_>
      <maxWeakCount>2</maxWeakCount>
      <stageThreshold>-3.5625773668289185e-01</stageThreshold>
      <weakClassifiers>
        <_>
          <internalNodes>
            0 -1 25 -5.9307914227247238e-02</internalNodes>
          <leafValues>
            6.3636362552642822e-01 -8.0952382087707520e-01</leafValues></_>
        <_>
          <internalNodes>
            0 -1 0 -1.1292173294350505e-03</internalNodes>
          <leafValues>
            -9.5766335725784302e-01 4.5326605439186096e-01</leafValues></_></weakClassifiers></_>
    <!-- stage 10 -->
    <_>
      <maxWeakCount>2</maxWeakCount>
      <stageThreshold>-1.5755985677242279e-01</stageThreshold>
      <weakClassifiers>
        <_>
          <internalNodes>
            0 -1 27 5.4404255934059620e-03</internalNodes>
          <leafValues>
            -8.4126985073089600e-01 7.2727274894714355e-01</leafValues></_>
        <_>
          <internalNodes>
            0 -1 11 6.8987552367616445e-05</internalNodes>
          <leafValues>
            6.8370997905731201e-01 -8.3989918231964111e-01</leafValues></_></weakClassifiers></_>
    <!-- stage 11 -->
    <_>
      <maxWeakCount>3</maxWeakCount>
      <stageThreshold>-5.8158314228057861e-01</stageThreshold>
      <weakClassifiers>
        <_>
          <internalNodes>
            0 -1 1 -8.3984538912773132e-02</internalNodes>
          <leafValues>
            1. -6.9444441795349121e-01</leafValues></_>
        <_>
          <internalNodes>
            0 -1 32 1.9541637971997261e-02</internalNodes>
          <leafValues>
            -5.3994446992874146e-01 9.4560295343399048e-01</leafValues></_>
        <_>
          <internalNodes>
            0 -1 29 -1.5256548300385475e-02</internalNodes>
          <leafValues>
            6.5280580520629883e-01 -7.4055057764053345e-01</leafValues></_></weakClassifiers></_>
    <!-- stage 12 -->
    <_>
      <maxWeakCount>3</maxWeakCount>
      <stageThreshold>-1.0642828941345215e+00</stageThreshold>
      <weakClassifiers>
        <_>
          <internalNodes>
            0 -1 18 2.2945433855056763e-02</internalNodes>
          <leafValues>
            -8.0645161867141724e-01 5.6521737575531006e-01</leafValues></_>
        <_>
          <internalNodes>
            0 -1 15 2.3769531399011612e-03</internalNodes>
          <leafValues>
            -7.1219378709793091e-01 6.7763662338256836e-01</leafValues></_>
        <_>
          <internalNodes>
            0 -1 40 -9.4077165704220533e-04</internalNodes>
          <leafValues>
            -1. 4.5436245203018188e-01</leafValues></_></weakClassifiers></_>
    <!-- stage 13 -->
    <_>
      <maxWeakCount>3</maxWeakCount>
      <stageThreshold>-8.0595695972442627e-01</stageThreshold>
      <weakClassifiers>
        <_>
          <internalNodes>
            0 -1 9 -2.4643841385841370e-01</internalNodes>
          <leafValues>
            1. -7.4285715818405151e-01</leafValues></_>
        <_>
          <internalNodes>
            0 -1 23 -3.1102198408916593e-04</internalNodes>
          <leafValues>
            7.0035946369171143e-01 -7.9768770933151245e-01</leafValues></_>
        <_>
          <internalNodes>
            0 -1 10 1.2824783880205359e-05</internalNodes>
          <leafValues>
            -7.6345926523208618e-01 7.9114663600921631e-01</leafValues></_></weakClassifiers></_>
    <!-- stage 14 -->
    <_>
      <maxWeakCount>2</maxWeakCount>
      <stageThreshold>-4.5033088326454163e-01</stageThreshold>
      <weakClassifiers>
        <_>
          <internalNodes>
            0 -1 24 -9.6365787612739950e-05</internalNodes>
          <leafValues>
            4.6666666865348816e-01 -9.2727273702621460e-01</leafValues></_>
        <_>
          <internalNodes>
            0 -1 14 -2.4091446903184988e-05</internalNodes>
          <leafValues>
            5.7420223951339722e-01 -9.1699755191802979e-01</leafValues></_></weakClassifiers></_>
    <!-- stage 15 -->
    <_>
      <maxWeakCount>2</maxWeakCount>
      <stageThreshold>-2.1325841546058655e-01</stageThreshold>
      <weakClassifiers>
        <_>
          <internalNodes>
            0 -1 4 1.2165625812485814e-03</internalNodes>
          <leafValues>
            4.6153846383094788e-01 -8.3050847053527832e-01</leafValues></_>
        <_>
          <internalNodes>
            0 -1 33 -1.1883184313774109e-02</internalNodes>
          <leafValues>
            7.7446752786636353e-01 -6.7479687929153442e-01</leafValues></_></weakClassifiers></_>
    <!-- stage 16 -->
    <_>
      <maxWeakCount>2</maxWeakCount>
      <stageThreshold>-3.5604178905487061e-01</stageThreshold>
      <weakClassifiers>
        <_>
          <internalNodes>
            0 -1 13 7.6606504619121552e-02</internalNodes>
          <leafValues>
            -7.8461539745330811e-01 6.9999998807907104e-01</leafValues></_>
        <_>
          <internalNodes>
            0 -1 20 2.6156231760978699e-02</internalNodes>
          <leafValues>
            -9.5807367563247681e-01 4.2857360839843750e-01</leafValues></_></weakClassifiers></_>
    <!-- stage 17 -->
    <_>
      <maxWeakCount>2</maxWeakCount>
      <stageThreshold>-3.4542414546012878e-01</stageThreshold>
      <weakClassifiers>
        <_>
          <internalNodes>
            0 -1 36 1.8722601234912872e-02</internalNodes>
          <leafValues>
            -8.3606559038162231e-01 5.8333331346511841e-01</leafValues></_>
        <_>
          <internalNodes>
            0 -1 39 1.3099886928102933e-05</internalNodes>
          <leafValues>
            -8.8004517555236816e-01 4.9064141511917114e-01</leafValues></_></weakClassifiers></_>
    <!-- stage 18 -->
    <_>
      <maxWeakCount>2</maxWeakCount>
      <stageThreshold>-4.8869737982749939e-01</stageThreshold>
      <weakClassifiers>
        <_>
          <internalNodes>
            0 -1 5 -1.7093777656555176e-02</internalNodes>
          <leafValues>
            3.8461539149284363e-01 -7.9661017656326294e-01</leafValues></_>
        <_>
          <internalNodes>
            0 -1 31 3.8477123598568141e-04</internalNodes>
          <leafValues>
            3.0791276693344116e-01 -1.</leafValues></_></weakClassifiers></_>
    <!-- stage 19 -->
    <_>
      <maxWeakCount>2</maxWeakCount>
      <stageThreshold>-3.9747938513755798e-01</stageThreshold>
      <weakClassifiers>
        <_>
          <internalNodes>
            0 -1 3 -2.7239294722676277e-02</internalNodes>
          <leafValues>
            6.0000002384185791e-01 -7.5384616851806641e-01</leafValues></_>
        <_>
          <internalNodes>
            0 -1 26 9.0924935648217797e-04</internalNodes>
          <leafValues>
            3.5636678338050842e-01 -1.</leafValues></_></weakClassifiers></_></stages>
  <features>
    <_>
      <rects>
        <_>
          0 0 8 2 -1.</_>
        <_>
          4 0 4 2 2.</_></rects>
      <tilted>0</tilted></_>
    <_>
      <rects>
        <_>
          0 0 17 6 -1.</_>
        <_>
          0 3 17 3 2.</_></rects>
      <tilted>0</tilted></_>
    <_>
      <rects>
        <_>
          0 2 20 10 -1.</_>
        <_>
          10 2 10 10 2.</_></rects>
      <tilted>0</tilted></_>
    <_>
      <rects>
        <_>
          0 3 12 2 -1.</_>
        <_>
          6 3 6 2 2.</_></rects>
      <tilted>0</tilted></_>
    <_>
      <rects>
        <_>
          0 4 2 16 -1.</_>
        <_>
          0 12 2 8 2.</_></rects>
      <tilted>0</tilted></_>
    <_>
      <rects>
        <_>
          0 4 20 1 -1.</_>
        <_>
          10 4 10 1 2.</_></rects>
      <tilted>0</tilted></_>
    <_>
      <rects>
        <_>
          0 5 18 2 -1.</_>
        <_>
          9 5 9 2 2.</_></rects>
      <tilted>0</tilted></_>
    <_>
      <rects>
        <_>
          0 5 13 18 -1.</_>
        <_>
          0 11 13 6 3.</_></rects>
      <tilted>0</tilted></_>
    <_>
      <rects>
        <_>
          0 9 18 10 -1.</_>
        <_>
          6 9 6 10 3.</_></rects>
      <tilted>0</tilted></_>
    <_>
      <rects>
        <_>
          0 10 21 13 -1.</_>
        <_>
          7 10 7 13 3.</_></rects>
      <tilted>0</tilted></_>
    <_>
      <rects>
        <_>
          0 12 8 4 -1.</_>
        <_>
          0 12 4 2 2.</_>
        <_>
          4 14 4 2 2.</_></rects>
      <tilted>0</tilted></_>
    <_>
      <rects>
        <_>
          2 0 4 4 -1.</_>
        <_>
          4 0 2 4 2.</_></rects>
      <tilted>0</tilted></_>
    <_>
      <rects>
        <_>
          2 4 9 7 -1.</_>
        <_>
          5 4 3 7 3.</_></rects>
      <tilted>0</tilted></_>
    <_>
      <rects>
        <_>
          3 12 8 12 -1.</_>
        <_>
          3 18 8 6 2.</_></rects>
      <tilted>0</tilted></_>
    <_>
      <rects>
        <_>
          4 3 4 2 -1.</_>
        <_>
          4 4 4 1 2.</_></rects>
      <tilted>0</tilted></_>
    <_>
      <rects>
        <_>
          4 3 10 2 -1.</_>
        <_>
          4 3 5 1 2.</_>
        <_>
          9 4 5 1 2.</_></rects>
      <tilted>0</tilted></_>
    <_>
      <rects>
        <_>
          5 13 12 8 -1.</_>
        <_>
          9 13 4 8 3.</_></rects>
      <tilted>0</tilted></_>
    <_>
      <rects>
        <_>
          6 6 7 18 -1.</_>
        <_>
          6 12 7 6 3.</_></rects>
      <tilted>0</tilted></_>
    <_>
      <rects>
        <_>
          6 12 16 2 -1.</_>
        <_>
          14 12 8 2 2.</_></rects>
      <tilted>0</tilted></_>
    <_>
      <rects>
        <_>
          7 2 16 5 -1.</_>
        <_>
          15 2 8 5 2.</_></rects>
      <tilted>0</tilted></_>
    <_>
      <rects>
        <_>
          8 1 10 21 -1.</_>
        <_>
          13 1 5 21 2.</_></rects>
      <tilted>0</tilted></_>
    <_>
      <rects>
        <_>
          8 2 14 6 -1.</_>
        <_>
          8 2 7 3 2.</_>
        <_>
          15 5 7 3 2.</_></rects>
      <tilted>0</tilted></_>
    <_>
      <rects>
        <_>
          8 12 12 8 -1.</_>
        <_>
          14 12 6 8 2.</_></rects>
      <tilted>0</tilted></_>
    <_>
      <rects>
        <_>
          9 10 2 9 -1.</_>
        <_>
          10 10 1 9 2.</_></rects>
      <tilted>0</tilted></_>
    <_>
      <rects>
        <_>
          10 0 3 6 -1.</_>
        <_>
          11 0 1 6 3.</_></rects>
      <tilted>0</tilted></_>
    <_>
      <rects>
        <_>
          10 0 6 9 -1.</_>
        <_>
          10 3 6 3 3.</_></rects>
      <tilted>0</tilted></_>
    <_>
      <rects>
        <_>
          10 1 4 3 -1.</_>
        <_>
          12 1 2 3 2.</_></rects>
      <tilted>0</tilted></_>
    <_>
      <rects>
        <_>
          10 3 2 6 -1.</_>
        <_>
          10 6 2 3 2.</_></rects>
      <tilted>0</tilted></_>
    <_>
      <rects>
        <_>
          11 0 9 9 -1.</_>
        <_>
          11 3 9 3 3.</_></rects>
      <tilted>0</tilted></_>
    <_>
      <rects>
        <_>
          11 2 5 6 -1.</_>
        <_>
          11 4 5 2 3.</_></rects>
      <tilted>0</tilted></_>
    <_>
      <rects>
        <_>
          11 13 4 4 -1.</_>
        <_>
          11 13 2 2 2.</_>
        <_>
          13 15 2 2 2.</_></rects>
      <tilted>0</tilted></_>
    <_>
      <rects>
        <_>
          11 20 3 3 -1.</_>
        <_>
          12 20 1 3 3.</_></rects>
      <tilted>0</tilted></_>
    <_>
      <rects>
        <_>
          12 7 6 5 -1.</_>
        <_>
          14 7 2 5 3.</_></rects>
      <tilted>0</tilted></_>
    <_>
      <rects>
        <_>
          13 3 8 10 -1.</_>
        <_>
          17 3 4 10 2.</_></rects>
      <tilted>0</tilted></_>
    <_>
      <rects>
        <_>
          14 1 4 14 -1.</_>
        <_>
          14 1 2 7 2.</_>
        <_>
          16 8 2 7 2.</_></rects>
      <tilted>0</tilted></_>
    <_>
      <rects>
        <_>
          15 4 3 18 -1.</_>
        <_>
          15 10 3 6 3.</_></rects>
      <tilted>0</tilted></_>
    <_>
      <rects>
        <_>
          15 5 8 3 -1.</_>
        <_>
          19 5 4 3 2.</_></rects>
      <tilted>0</tilted></_>
    <_>
      <rects>
        <_>
          16 1 6 18 -1.</_>
        <_>
          16 7 6 6 3.</_></rects>
      <tilted>0</tilted></_>
    <_>
      <rects>
        <_>
          16 6 8 10 -1.</_>
        <_>
          20 6 4 10 2.</_></rects>
      <tilted>0</tilted></_>
    <_>
      <rects>
        <_>
          16 21 1 3 -1.</_>
        <_>
          16 22 1 1 3.</_></rects>
      <tilted>0</tilted></_>
    <_>
      <rects>
        <_>
          17 10 7 4 -1.</_>
        <_>
          17 12 7 2 2.</_></rects>
      <tilted>0</tilted></_>
    <_>
      <rects>
        <_>
          18 11 3 3 -1.</_>
        <_>
          18 12 3 1 3.</_></rects>
      <tilted>0</tilted></_>
    <_>
      <rects>
        <_>
          19 10 2 4 -1.</_>
        <_>
          19 12 2 2 2.</_></rects>
      <tilted>0</tilted></_>
    <_>
      <rects>
        <_>
          19 11 3 4 -1.</_>
        <_>
          19 13 3 2 2.</_></rects>
      <tilted>0</tilted></_></features></cascade>
</opencv_storage>
