<?xml version="1.0"?>
<opencv_storage>
<cascade>
  <stageType>BOOST</stageType>
  <featureType>HAAR</featureType>
  <height>24</height>
  <width>24</width>
  <stageParams>
    <boostType>GAB</boostType>
    <minHitRate>9.9900001287460327e-01</minHitRate>
    <maxFalseAlarm>5.0000000000000000e-01</maxFalseAlarm>
    <weightTrimRate>9.4999999999999996e-01</weightTrimRate>
    <maxDepth>1</maxDepth>
    <maxWeakCount>100</maxWeakCount></stageParams>
  <featureParams>
    <maxCatCount>0</maxCatCount>
    <featSize>1</featSize>
    <mode>ALL</mode></featureParams>
  <stageNum>20</stageNum>
  <stages>
    <!-- stage 0 -->
    <_>
      <maxWeakCount>6</maxWeakCount>
      <stageThreshold>-1.4907491207122803e+00</stageThreshold>
      <weakClassifiers>
        <_>
          <internalNodes>
            0 -1 88 2.8829805552959442e-02</internalNodes>
          <leafValues>
            -8.7174350023269653e-01 6.7591762542724609e-01</leafValues></_>
        <_>
          <internalNodes>
            0 -1 179 -2.1286918781697750e-03</internalNodes>
          <leafValues>
            8.3499783277511597e-01 -5.7459521293640137e-01</leafValues></_>
        <_>
          <internalNodes>
            0 -1 52 -2.0383734256029129e-02</internalNodes>
          <leafValues>
            6.2896877527236938e-01 -6.2938177585601807e-01</leafValues></_>
        <_>
          <internalNodes>
            0 -1 199 -2.0305158104747534e-03</internalNodes>
          <leafValues>
            8.8130402565002441e-01 -4.3062523007392883e-01</leafValues></_>
        <_>
          <internalNodes>
            0 -1 91 -5.4368213750422001e-03</internalNodes>
          <leafValues>
            4.3225207924842834e-01 -9.0490567684173584e-01</leafValues></_>
        <_>
          <internalNodes>
            0 -1 92 -1.3434418942779303e-03</internalNodes>
          <leafValues>
            6.6215181350708008e-01 -5.1976710557937622e-01</leafValues></_></weakClassifiers></_>
    <!-- stage 1 -->
    <_>
      <maxWeakCount>6</maxWeakCount>
      <stageThreshold>-1.0337233543395996e+00</stageThreshold>
      <weakClassifiers>
        <_>
          <internalNodes>
            0 -1 179 -2.3699044249951839e-03</internalNodes>
          <leafValues>
            7.7106916904449463e-01 -5.5151516199111938e-01</leafValues></_>
        <_>
          <internalNodes>
            0 -1 117 -3.1059023458510637e-03</internalNodes>
          <leafValues>
            8.6632633209228516e-01 -4.2952647805213928e-01</leafValues></_>
        <_>
          <internalNodes>
            0 -1 92 -2.4250978603959084e-03</internalNodes>
          <leafValues>
            7.9193121194839478e-01 -4.2418825626373291e-01</leafValues></_>
        <_>
          <internalNodes>
            0 -1 8 -5.2998639643192291e-02</internalNodes>
          <leafValues>
            4.8086827993392944e-01 -6.4048421382904053e-01</leafValues></_>
        <_>
          <internalNodes>
            0 -1 100 -8.2374624907970428e-03</internalNodes>
          <leafValues>
            3.2408788800239563e-01 -9.6430206298828125e-01</leafValues></_>
        <_>
          <internalNodes>
            0 -1 125 -4.4033061712980270e-03</internalNodes>
          <leafValues>
            7.9600965976715088e-01 -4.3344953656196594e-01</leafValues></_></weakClassifiers></_>
    <!-- stage 2 -->
    <_>
      <maxWeakCount>6</maxWeakCount>
      <stageThreshold>-9.9019539356231689e-01</stageThreshold>
      <weakClassifiers>
        <_>
          <internalNodes>
            0 -1 72 6.9836974143981934e-03</internalNodes>
          <leafValues>
            -4.4790256023406982e-01 8.5871273279190063e-01</leafValues></_>
        <_>
          <internalNodes>
            0 -1 173 -8.6729051545262337e-03</internalNodes>
          <leafValues>
            7.3548054695129395e-01 -3.7264251708984375e-01</leafValues></_>
        <_>
          <internalNodes>
            0 -1 197 -2.5321557186543941e-03</internalNodes>
          <leafValues>
            8.4128427505493164e-01 -3.3054679632186890e-01</leafValues></_>
        <_>
          <internalNodes>
            0 -1 75 -2.2092852741479874e-03</internalNodes>
          <leafValues>
            8.3222866058349609e-01 -3.1007853150367737e-01</leafValues></_>
        <_>
          <internalNodes>
            0 -1 55 -1.4468023553490639e-02</internalNodes>
          <leafValues>
            -9.1707420349121094e-01 3.4728342294692993e-01</leafValues></_>
        <_>
          <internalNodes>
            0 -1 27 7.5981495901942253e-03</internalNodes>
          <leafValues>
            2.7992612123489380e-01 -7.9986697435379028e-01</leafValues></_></weakClassifiers></_>
    <!-- stage 3 -->
    <_>
      <maxWeakCount>10</maxWeakCount>
      <stageThreshold>-1.8939172029495239e+00</stageThreshold>
      <weakClassifiers>
        <_>
          <internalNodes>
            0 -1 88 3.6001734435558319e-02</internalNodes>
          <leafValues>
            -7.1277999877929688e-01 3.1415930390357971e-01</leafValues></_>
        <_>
          <internalNodes>
            0 -1 97 -2.6623599696904421e-03</internalNodes>
          <leafValues>
            6.2187093496322632e-01 -4.3606564402580261e-01</leafValues></_>
        <_>
          <internalNodes>
            0 -1 123 -2.5076889432966709e-03</internalNodes>
          <leafValues>
            6.7485892772674561e-01 -3.9037752151489258e-01</leafValues></_>
        <_>
          <internalNodes>
            0 -1 19 -8.1103118136525154e-03</internalNodes>
          <leafValues>
            3.3877059817314148e-01 -5.8258783817291260e-01</leafValues></_>
        <_>
          <internalNodes>
            0 -1 176 -7.0998100563883781e-03</internalNodes>
          <leafValues>
            4.9364030361175537e-01 -3.7841412425041199e-01</leafValues></_>
        <_>
          <internalNodes>
            0 -1 89 -2.3482393589802086e-04</internalNodes>
          <leafValues>
            2.2497223317623138e-01 -9.0627348423004150e-01</leafValues></_>
        <_>
          <internalNodes>
            0 -1 187 2.0982841029763222e-02</internalNodes>
          <leafValues>
            1.7396558821201324e-01 -9.0527260303497314e-01</leafValues></_>
        <_>
          <internalNodes>
            0 -1 136 5.0906708929687738e-04</internalNodes>
          <leafValues>
            2.2037148475646973e-01 -7.0869773626327515e-01</leafValues></_>
        <_>
          <internalNodes>
            0 -1 136 -6.4512342214584351e-04</internalNodes>
          <leafValues>
            -7.8824108839035034e-01 2.2677658498287201e-01</leafValues></_>
        <_>
          <internalNodes>
            0 -1 199 -2.6938742958009243e-03</internalNodes>
          <leafValues>
            5.9240907430648804e-01 -3.5464361310005188e-01</leafValues></_></weakClassifiers></_>
    <!-- stage 4 -->
    <_>
      <maxWeakCount>12</maxWeakCount>
      <stageThreshold>-1.8116210699081421e+00</stageThreshold>
      <weakClassifiers>
        <_>
          <internalNodes>
            0 -1 222 -3.7699993699789047e-03</internalNodes>
          <leafValues>
            8.2268041372299194e-01 -3.1533741950988770e-01</leafValues></_>
        <_>
          <internalNodes>
            0 -1 6 -4.8072669655084610e-02</internalNodes>
          <leafValues>
            4.9713090062141418e-01 -4.6043524146080017e-01</leafValues></_>
        <_>
          <internalNodes>
            0 -1 127 -2.7617872692644596e-03</internalNodes>
          <leafValues>
            6.1416262388229370e-01 -3.5416349768638611e-01</leafValues></_>
        <_>
          <internalNodes>
            0 -1 92 -3.7811929360032082e-03</internalNodes>
          <leafValues>
            7.0527487993240356e-01 -3.0467072129249573e-01</leafValues></_>
        <_>
          <internalNodes>
            0 -1 104 -1.5895698219537735e-02</internalNodes>
          <leafValues>
            4.4594144821166992e-01 -4.9380025267601013e-01</leafValues></_>
        <_>
          <internalNodes>
            0 -1 119 -3.3821216784417629e-03</internalNodes>
          <leafValues>
            6.2518882751464844e-01 -3.0801326036453247e-01</leafValues></_>
        <_>
          <internalNodes>
            0 -1 48 -1.5299310907721519e-02</internalNodes>
          <leafValues>
            -8.2350069284439087e-01 3.1679320335388184e-01</leafValues></_>
        <_>
          <internalNodes>
            0 -1 209 8.2570931408554316e-04</internalNodes>
          <leafValues>
            -8.7627589702606201e-01 1.5077571570873260e-01</leafValues></_>
        <_>
          <internalNodes>
            0 -1 47 3.3577412366867065e-02</internalNodes>
          <leafValues>
            1.5285396575927734e-01 -8.1730180978775024e-01</leafValues></_>
        <_>
          <internalNodes>
            0 -1 211 -2.8094765730202198e-03</internalNodes>
          <leafValues>
            7.3584002256393433e-01 -2.6131403446197510e-01</leafValues></_>
        <_>
          <internalNodes>
            0 -1 1 -7.6362729072570801e-02</internalNodes>
          <leafValues>
            4.4493982195854187e-01 -3.7045413255691528e-01</leafValues></_>
        <_>
          <internalNodes>
            0 -1 7 -4.0198778733611107e-03</internalNodes>
          <leafValues>
            6.4323639869689941e-01 -2.9223048686981201e-01</leafValues></_></weakClassifiers></_>
    <!-- stage 5 -->
    <_>
      <maxWeakCount>11</maxWeakCount>
      <stageThreshold>-1.4015933275222778e+00</stageThreshold>
      <weakClassifiers>
        <_>
          <internalNodes>
            0 -1 195 -3.5236598923802376e-03</internalNodes>
          <leafValues>
            4.8603352904319763e-01 -4.5081967115402222e-01</leafValues></_>
        <_>
          <internalNodes>
            0 -1 117 -3.8493662141263485e-03</internalNodes>
          <leafValues>
            4.8739531636238098e-01 -3.5351213812828064e-01</leafValues></_>
        <_>
          <internalNodes>
            0 -1 97 -1.9858819432556629e-03</internalNodes>
          <leafValues>
            4.6510764956474304e-01 -3.6592879891395569e-01</leafValues></_>
        <_>
          <internalNodes>
            0 -1 17 -1.7387875914573669e-01</internalNodes>
          <leafValues>
            3.3987677097320557e-01 -5.4423373937606812e-01</leafValues></_>
        <_>
          <internalNodes>
            0 -1 193 4.6927470248192549e-04</internalNodes>
          <leafValues>
            -9.3607717752456665e-01 1.7832495272159576e-01</leafValues></_>
        <_>
          <internalNodes>
            0 -1 148 -2.9640113934874535e-03</internalNodes>
          <leafValues>
            6.6601490974426270e-01 -2.6621305942535400e-01</leafValues></_>
        <_>
          <internalNodes>
            0 -1 182 6.7081197630614042e-04</internalNodes>
          <leafValues>
            3.1134691834449768e-01 -6.8495762348175049e-01</leafValues></_>
        <_>
          <internalNodes>
            0 -1 172 -4.0106214582920074e-03</internalNodes>
          <leafValues>
            6.5313404798507690e-01 -3.1393864750862122e-01</leafValues></_>
        <_>
          <internalNodes>
            0 -1 77 1.7385338433086872e-03</internalNodes>
          <leafValues>
            2.8255009651184082e-01 -7.1201694011688232e-01</leafValues></_>
        <_>
          <internalNodes>
            0 -1 56 -8.1466753035783768e-03</internalNodes>
          <leafValues>
            -8.6756801605224609e-01 1.3449130952358246e-01</leafValues></_>
        <_>
          <internalNodes>
            0 -1 182 -4.3383421143516898e-04</internalNodes>
          <leafValues>
            -6.5483015775680542e-01 2.2143898904323578e-01</leafValues></_></weakClassifiers></_>
    <!-- stage 6 -->
    <_>
      <maxWeakCount>12</maxWeakCount>
      <stageThreshold>-1.2023490667343140e+00</stageThreshold>
      <weakClassifiers>
        <_>
          <internalNodes>
            0 -1 94 -3.4877490252256393e-03</internalNodes>
          <leafValues>
            5.5378484725952148e-01 -3.9060205221176147e-01</leafValues></_>
        <_>
          <internalNodes>
            0 -1 44 -2.5494312867522240e-03</internalNodes>
          <leafValues>
            2.8431844711303711e-01 -6.5507638454437256e-01</leafValues></_>
        <_>
          <internalNodes>
            0 -1 116 -2.6145027950406075e-03</internalNodes>
          <leafValues>
            5.3557723760604858e-01 -3.1818270683288574e-01</leafValues></_>
        <_>
          <internalNodes>
            0 -1 148 -2.2278288379311562e-03</internalNodes>
          <leafValues>
            6.0691720247268677e-01 -3.4618228673934937e-01</leafValues></_>
        <_>
          <internalNodes>
            0 -1 53 -2.4286363273859024e-02</internalNodes>
          <leafValues>
            -8.2240879535675049e-01 2.8627794981002808e-01</leafValues></_>
        <_>
          <internalNodes>
            0 -1 191 -4.8455134965479374e-03</internalNodes>
          <leafValues>
            -7.8748565912246704e-01 1.6530114412307739e-01</leafValues></_>
        <_>
          <internalNodes>
            0 -1 190 3.3271403517574072e-03</internalNodes>
          <leafValues>
            -3.2336196303367615e-01 6.1440557241439819e-01</leafValues></_>
        <_>
          <internalNodes>
            0 -1 163 -5.4560485295951366e-04</internalNodes>
          <leafValues>
            -6.7275744676589966e-01 2.4720035493373871e-01</leafValues></_>
        <_>
          <internalNodes>
            0 -1 227 4.9298712983727455e-03</internalNodes>
          <leafValues>
            -3.4888339042663574e-01 4.6356409788131714e-01</leafValues></_>
        <_>
          <internalNodes>
            0 -1 222 -3.0909711495041847e-03</internalNodes>
          <leafValues>
            6.2653112411499023e-01 -2.6704820990562439e-01</leafValues></_>
        <_>
          <internalNodes>
            0 -1 184 -3.0610276735387743e-04</internalNodes>
          <leafValues>
            -8.0531996488571167e-01 2.1333037316799164e-01</leafValues></_>
        <_>
          <internalNodes>
            0 -1 212 -3.4662077669054270e-03</internalNodes>
          <leafValues>
            7.2453111410140991e-01 -2.3145551979541779e-01</leafValues></_></weakClassifiers></_>
    <!-- stage 7 -->
    <_>
      <maxWeakCount>12</maxWeakCount>
      <stageThreshold>-1.2779035568237305e+00</stageThreshold>
      <weakClassifiers>
        <_>
          <internalNodes>
            0 -1 178 -1.3627298176288605e-03</internalNodes>
          <leafValues>
            4.0917780995368958e-01 -5.0795137882232666e-01</leafValues></_>
        <_>
          <internalNodes>
            0 -1 130 4.3605733662843704e-03</internalNodes>
          <leafValues>
            -5.4650038480758667e-01 3.0631658434867859e-01</leafValues></_>
        <_>
          <internalNodes>
            0 -1 135 -4.5670091640204191e-04</internalNodes>
          <leafValues>
            -7.3293220996856689e-01 2.0557713508605957e-01</leafValues></_>
        <_>
          <internalNodes>
            0 -1 199 -2.8430437669157982e-03</internalNodes>
          <leafValues>
            5.5777853727340698e-01 -2.9072901606559753e-01</leafValues></_>
        <_>
          <internalNodes>
            0 -1 41 1.7540251836180687e-02</internalNodes>
          <leafValues>
            1.8705917894840240e-01 -8.6375373601913452e-01</leafValues></_>
        <_>
          <internalNodes>
            0 -1 92 -4.0249163284897804e-03</internalNodes>
          <leafValues>
            5.1449108123779297e-01 -3.2246649265289307e-01</leafValues></_>
        <_>
          <internalNodes>
            0 -1 112 2.7401629835367203e-02</internalNodes>
          <leafValues>
            2.1709561347961426e-01 -8.6472451686859131e-01</leafValues></_>
        <_>
          <internalNodes>
            0 -1 68 2.0805157721042633e-02</internalNodes>
          <leafValues>
            -9.3711876869201660e-01 1.2000460177659988e-01</leafValues></_>
        <_>
          <internalNodes>
            0 -1 214 -3.5862913355231285e-03</internalNodes>
          <leafValues>
            7.1559011936187744e-01 -2.3818464577198029e-01</leafValues></_>
        <_>
          <internalNodes>
            0 -1 46 -8.7233437225222588e-03</internalNodes>
          <leafValues>
            2.9013606905937195e-01 -5.2882200479507446e-01</leafValues></_>
        <_>
          <internalNodes>
            0 -1 67 -1.7507934942841530e-02</internalNodes>
          <leafValues>
            -8.6010241508483887e-01 1.6946856677532196e-01</leafValues></_>
        <_>
          <internalNodes>
            0 -1 7 -3.0181801412254572e-03</internalNodes>
          <leafValues>
            4.8932912945747375e-01 -3.2617732882499695e-01</leafValues></_></weakClassifiers></_>
    <!-- stage 8 -->
    <_>
      <maxWeakCount>13</maxWeakCount>
      <stageThreshold>-1.5807279348373413e+00</stageThreshold>
      <weakClassifiers>
        <_>
          <internalNodes>
            0 -1 79 3.4208744764328003e-03</internalNodes>
          <leafValues>
            -3.3420708775520325e-01 6.7062819004058838e-01</leafValues></_>
        <_>
          <internalNodes>
            0 -1 200 1.9717202521860600e-03</internalNodes>
          <leafValues>
            -2.8939583897590637e-01 6.2353157997131348e-01</leafValues></_>
        <_>
          <internalNodes>
            0 -1 49 -4.2748302221298218e-03</internalNodes>
          <leafValues>
            3.8702344894409180e-01 -3.9202240109443665e-01</leafValues></_>
        <_>
          <internalNodes>
            0 -1 192 -7.1495515294373035e-04</internalNodes>
          <leafValues>
            -7.9638236761093140e-01 2.0874093472957611e-01</leafValues></_>
        <_>
          <internalNodes>
            0 -1 156 -3.6046612076461315e-03</internalNodes>
          <leafValues>
            7.2786092758178711e-01 -1.9411435723304749e-01</leafValues></_>
        <_>
          <internalNodes>
            0 -1 219 6.6380305215716362e-03</internalNodes>
          <leafValues>
            2.3855489492416382e-01 -6.0688203573226929e-01</leafValues></_>
        <_>
          <internalNodes>
            0 -1 235 1.0136150754988194e-02</internalNodes>
          <leafValues>
            -2.5299328565597534e-01 6.0511350631713867e-01</leafValues></_>
        <_>
          <internalNodes>
            0 -1 181 -4.1869038250297308e-04</internalNodes>
          <leafValues>
            -6.4892846345901489e-01 2.6709130406379700e-01</leafValues></_>
        <_>
          <internalNodes>
            0 -1 155 2.5134484749287367e-03</internalNodes>
          <leafValues>
            -3.8921275734901428e-01 3.7429562211036682e-01</leafValues></_>
        <_>
          <internalNodes>
            0 -1 71 -1.5184968709945679e-02</internalNodes>
          <leafValues>
            1.7749057710170746e-01 -8.8809365034103394e-01</leafValues></_>
        <_>
          <internalNodes>
            0 -1 174 -6.6581284045241773e-05</internalNodes>
          <leafValues>
            2.8688982129096985e-01 -4.6372839808464050e-01</leafValues></_>
        <_>
          <internalNodes>
            0 -1 84 1.7796896398067474e-02</internalNodes>
          <leafValues>
            -2.1744255721569061e-01 6.8168616294860840e-01</leafValues></_>
        <_>
          <internalNodes>
            0 -1 188 -2.3984062136150897e-04</internalNodes>
          <leafValues>
            -6.0695928335189819e-01 2.3276923596858978e-01</leafValues></_></weakClassifiers></_>
    <!-- stage 9 -->
    <_>
      <maxWeakCount>15</maxWeakCount>
      <stageThreshold>-1.7480595111846924e+00</stageThreshold>
      <weakClassifiers>
        <_>
          <internalNodes>
            0 -1 177 -4.3134852312505245e-03</internalNodes>
          <leafValues>
            3.8492870330810547e-01 -4.3512797355651855e-01</leafValues></_>
        <_>
          <internalNodes>
            0 -1 198 -6.6911000758409500e-03</internalNodes>
          <leafValues>
            6.9382393360137939e-01 -2.7729883790016174e-01</leafValues></_>
        <_>
          <internalNodes>
            0 -1 162 1.7049704911187291e-04</internalNodes>
          <leafValues>
            2.1738035976886749e-01 -6.3157182931900024e-01</leafValues></_>
        <_>
          <internalNodes>
            0 -1 162 -1.8312121392227709e-04</internalNodes>
          <leafValues>
            -6.4497190713882446e-01 3.3246544003486633e-01</leafValues></_>
        <_>
          <internalNodes>
            0 -1 35 1.2971250340342522e-02</internalNodes>
          <leafValues>
            -3.0243015289306641e-01 5.6060099601745605e-01</leafValues></_>
        <_>
          <internalNodes>
            0 -1 16 -7.5260549783706665e-03</internalNodes>
          <leafValues>
            5.6740623712539673e-01 -2.2079309821128845e-01</leafValues></_>
        <_>
          <internalNodes>
            0 -1 133 3.0758086359128356e-04</internalNodes>
          <leafValues>
            1.8129518628120422e-01 -7.3633551597595215e-01</leafValues></_>
        <_>
          <internalNodes>
            0 -1 133 -2.7798127848654985e-04</internalNodes>
          <leafValues>
            -6.2176358699798584e-01 2.5146552920341492e-01</leafValues></_>
        <_>
          <internalNodes>
            0 -1 62 -5.6710261851549149e-03</internalNodes>
          <leafValues>
            4.0144309401512146e-01 -3.4652784466743469e-01</leafValues></_>
        <_>
          <internalNodes>
            0 -1 225 -6.5380549058318138e-03</internalNodes>
          <leafValues>
            -7.7004623413085938e-01 1.4898371696472168e-01</leafValues></_>
        <_>
          <internalNodes>
            0 -1 76 -4.2621018365025520e-03</internalNodes>
          <leafValues>
            6.5497213602066040e-01 -1.9556321203708649e-01</leafValues></_>
        <_>
          <internalNodes>
            0 -1 97 -2.4665759410709143e-03</internalNodes>
          <leafValues>
            4.2167139053344727e-01 -3.2727485895156860e-01</leafValues></_>
        <_>
          <internalNodes>
            0 -1 25 -3.3352307975292206e-02</internalNodes>
          <leafValues>
            2.5131273269653320e-01 -6.1432367563247681e-01</leafValues></_>
        <_>
          <internalNodes>
            0 -1 54 -2.3731686174869537e-02</internalNodes>
          <leafValues>
            -9.4543904066085815e-01 1.1692460626363754e-01</leafValues></_>
        <_>
          <internalNodes>
            0 -1 129 -3.4607469569891691e-03</internalNodes>
          <leafValues>
            6.0697424411773682e-01 -2.2524040937423706e-01</leafValues></_></weakClassifiers></_>
    <!-- stage 10 -->
    <_>
      <maxWeakCount>13</maxWeakCount>
      <stageThreshold>-1.6415617465972900e+00</stageThreshold>
      <weakClassifiers>
        <_>
          <internalNodes>
            0 -1 70 4.2283642105758190e-03</internalNodes>
          <leafValues>
            -3.9375475049018860e-01 5.0124686956405640e-01</leafValues></_>
        <_>
          <internalNodes>
            0 -1 120 2.5278339162468910e-03</internalNodes>
          <leafValues>
            -3.8845109939575195e-01 5.1818293333053589e-01</leafValues></_>
        <_>
          <internalNodes>
            0 -1 181 2.7012170176021755e-04</internalNodes>
          <leafValues>
            2.1672464907169342e-01 -7.6302617788314819e-01</leafValues></_>
        <_>
          <internalNodes>
            0 -1 74 3.6931755021214485e-03</internalNodes>
          <leafValues>
            2.2354269027709961e-01 -6.4999240636825562e-01</leafValues></_>
        <_>
          <internalNodes>
            0 -1 208 2.5114696472883224e-03</internalNodes>
          <leafValues>
            -3.7988445162773132e-01 3.8930985331535339e-01</leafValues></_>
        <_>
          <internalNodes>
            0 -1 0 -4.9684993922710419e-02</internalNodes>
          <leafValues>
            3.9546373486518860e-01 -3.3103883266448975e-01</leafValues></_>
        <_>
          <internalNodes>
            0 -1 127 -2.9649406205862761e-03</internalNodes>
          <leafValues>
            4.7783917188644409e-01 -2.8242728114128113e-01</leafValues></_>
        <_>
          <internalNodes>
            0 -1 101 -2.4040758144110441e-03</internalNodes>
          <leafValues>
            5.1910376548767090e-01 -2.9913225769996643e-01</leafValues></_>
        <_>
          <internalNodes>
            0 -1 138 -1.6468523070216179e-02</internalNodes>
          <leafValues>
            -8.0772054195404053e-01 1.9540335237979889e-01</leafValues></_>
        <_>
          <internalNodes>
            0 -1 230 -2.0104620605707169e-02</internalNodes>
          <leafValues>
            5.5433607101440430e-01 -2.5144714117050171e-01</leafValues></_>
        <_>
          <internalNodes>
            0 -1 87 -1.6380388289690018e-02</internalNodes>
          <leafValues>
            -8.7779766321182251e-01 1.5391476452350616e-01</leafValues></_>
        <_>
          <internalNodes>
            0 -1 65 -1.3379923999309540e-02</internalNodes>
          <leafValues>
            6.0373991727828979e-01 -2.1993364393711090e-01</leafValues></_>
        <_>
          <internalNodes>
            0 -1 85 -3.0704349046573043e-04</internalNodes>
          <leafValues>
            -5.2366983890533447e-01 2.1926310658454895e-01</leafValues></_></weakClassifiers></_>
    <!-- stage 11 -->
    <_>
      <maxWeakCount>19</maxWeakCount>
      <stageThreshold>-1.6366657018661499e+00</stageThreshold>
      <weakClassifiers>
        <_>
          <internalNodes>
            0 -1 59 4.6229707077145576e-03</internalNodes>
          <leafValues>
            -3.9352640509605408e-01 3.6875665187835693e-01</leafValues></_>
        <_>
          <internalNodes>
            0 -1 119 -2.8195409104228020e-03</internalNodes>
          <leafValues>
            4.5900064706802368e-01 -3.2865116000175476e-01</leafValues></_>
        <_>
          <internalNodes>
            0 -1 18 -1.8942102789878845e-01</internalNodes>
          <leafValues>
            4.0515571832656860e-01 -3.5141664743423462e-01</leafValues></_>
        <_>
          <internalNodes>
            0 -1 96 3.8196239620447159e-03</internalNodes>
          <leafValues>
            -5.4365187883377075e-01 2.1522292494773865e-01</leafValues></_>
        <_>
          <internalNodes>
            0 -1 126 -4.1371565312147141e-03</internalNodes>
          <leafValues>
            3.2237493991851807e-01 -3.7176877260208130e-01</leafValues></_>
        <_>
          <internalNodes>
            0 -1 158 -1.3898123055696487e-02</internalNodes>
          <leafValues>
            4.3048012256622314e-01 -2.8380635380744934e-01</leafValues></_>
        <_>
          <internalNodes>
            0 -1 181 -2.4178577587008476e-04</internalNodes>
          <leafValues>
            -5.3117609024047852e-01 2.8325527906417847e-01</leafValues></_>
        <_>
          <internalNodes>
            0 -1 128 4.8699751496315002e-03</internalNodes>
          <leafValues>
            -2.3877580463886261e-01 6.5002357959747314e-01</leafValues></_>
        <_>
          <internalNodes>
            0 -1 169 1.8753295298665762e-03</internalNodes>
          <leafValues>
            -4.4990205764770508e-01 3.0294945836067200e-01</leafValues></_>
        <_>
          <internalNodes>
            0 -1 183 7.5958936940878630e-04</internalNodes>
          <leafValues>
            1.7359136044979095e-01 -6.9290894269943237e-01</leafValues></_>
        <_>
          <internalNodes>
            0 -1 15 -3.5802046768367290e-03</internalNodes>
          <leafValues>
            3.3247712254524231e-01 -3.6526650190353394e-01</leafValues></_>
        <_>
          <internalNodes>
            0 -1 185 -1.4117494225502014e-02</internalNodes>
          <leafValues>
            -7.2892755270004272e-01 1.9031201303005219e-01</leafValues></_>
        <_>
          <internalNodes>
            0 -1 217 -3.4974340349435806e-02</internalNodes>
          <leafValues>
            -8.9504867792129517e-01 9.8298266530036926e-02</leafValues></_>
        <_>
          <internalNodes>
            0 -1 201 -8.2016754895448685e-03</internalNodes>
          <leafValues>
            4.7406756877899170e-01 -2.6776260137557983e-01</leafValues></_>
        <_>
          <internalNodes>
            0 -1 22 -6.3211023807525635e-03</internalNodes>
          <leafValues>
            4.6682381629943848e-01 -2.4385380744934082e-01</leafValues></_>
        <_>
          <internalNodes>
            0 -1 145 -7.1122724330052733e-04</internalNodes>
          <leafValues>
            -6.6191864013671875e-01 2.0180599391460419e-01</leafValues></_>
        <_>
          <internalNodes>
            0 -1 220 1.8256818875670433e-02</internalNodes>
          <leafValues>
            1.4513529837131500e-01 -6.8823677301406860e-01</leafValues></_>
        <_>
          <internalNodes>
            0 -1 11 3.5921498201787472e-03</internalNodes>
          <leafValues>
            -2.7311751246452332e-01 4.5371294021606445e-01</leafValues></_>
        <_>
          <internalNodes>
            0 -1 141 -3.0414456501603127e-02</internalNodes>
          <leafValues>
            -8.7189620733261108e-01 1.5866969525814056e-01</leafValues></_></weakClassifiers></_>
    <!-- stage 12 -->
    <_>
      <maxWeakCount>13</maxWeakCount>
      <stageThreshold>-1.2657808065414429e+00</stageThreshold>
      <weakClassifiers>
        <_>
          <internalNodes>
            0 -1 176 -8.6148483678698540e-03</internalNodes>
          <leafValues>
            4.0429687500000000e-01 -4.8487627506256104e-01</leafValues></_>
        <_>
          <internalNodes>
            0 -1 198 -3.4782304428517818e-03</internalNodes>
          <leafValues>
            5.5406683683395386e-01 -3.4863999485969543e-01</leafValues></_>
        <_>
          <internalNodes>
            0 -1 144 1.7476359789725393e-04</internalNodes>
          <leafValues>
            2.2565153241157532e-01 -6.2413585186004639e-01</leafValues></_>
        <_>
          <internalNodes>
            0 -1 236 -3.1155832111835480e-02</internalNodes>
          <leafValues>
            6.1208105087280273e-01 -2.0706982910633087e-01</leafValues></_>
        <_>
          <internalNodes>
            0 -1 203 3.0270647257566452e-03</internalNodes>
          <leafValues>
            -2.0438313484191895e-01 6.2252086400985718e-01</leafValues></_>
        <_>
          <internalNodes>
            0 -1 153 -2.5873351842164993e-03</internalNodes>
          <leafValues>
            6.7706352472305298e-01 -1.8073067069053650e-01</leafValues></_>
        <_>
          <internalNodes>
            0 -1 143 3.0420519411563873e-02</internalNodes>
          <leafValues>
            1.6595283150672913e-01 -9.0807801485061646e-01</leafValues></_>
        <_>
          <internalNodes>
            0 -1 167 -2.1918513812124729e-03</internalNodes>
          <leafValues>
            3.5164806246757507e-01 -3.8959336280822754e-01</leafValues></_>
        <_>
          <internalNodes>
            0 -1 105 4.6159504563547671e-04</internalNodes>
          <leafValues>
            1.4256662130355835e-01 -8.6117035150527954e-01</leafValues></_>
        <_>
          <internalNodes>
            0 -1 105 -2.3548083845525980e-04</internalNodes>
          <leafValues>
            -6.1271607875823975e-01 1.8331108987331390e-01</leafValues></_>
        <_>
          <internalNodes>
            0 -1 5 4.2166538536548615e-02</internalNodes>
          <leafValues>
            1.4085488021373749e-01 -7.7978563308715820e-01</leafValues></_>
        <_>
          <internalNodes>
            0 -1 142 -2.6903613470494747e-03</internalNodes>
          <leafValues>
            1.8415336310863495e-01 -6.4035338163375854e-01</leafValues></_>
        <_>
          <internalNodes>
            0 -1 149 5.9078019112348557e-03</internalNodes>
          <leafValues>
            -1.9901500642299652e-01 6.9404631853103638e-01</leafValues></_></weakClassifiers></_>
    <!-- stage 13 -->
    <_>
      <maxWeakCount>19</maxWeakCount>
      <stageThreshold>-1.6769207715988159e+00</stageThreshold>
      <weakClassifiers>
        <_>
          <internalNodes>
            0 -1 224 -3.8845958188176155e-03</internalNodes>
          <leafValues>
            6.4154785871505737e-01 -2.6477831602096558e-01</leafValues></_>
        <_>
          <internalNodes>
            0 -1 20 1.5874847769737244e-02</internalNodes>
          <leafValues>
            -3.8825285434722900e-01 3.4747126698493958e-01</leafValues></_>
        <_>
          <internalNodes>
            0 -1 95 3.8432460278272629e-03</internalNodes>
          <leafValues>
            -2.9892504215240479e-01 4.6630600094795227e-01</leafValues></_>
        <_>
          <internalNodes>
            0 -1 31 -4.4824549695476890e-04</internalNodes>
          <leafValues>
            2.0017668604850769e-01 -5.9893804788589478e-01</leafValues></_>
        <_>
          <internalNodes>
            0 -1 224 5.1952423527836800e-03</internalNodes>
          <leafValues>
            -1.6603155434131622e-01 7.2276973724365234e-01</leafValues></_>
        <_>
          <internalNodes>
            0 -1 106 4.4225476449355483e-04</internalNodes>
          <leafValues>
            1.9677403569221497e-01 -6.7975062131881714e-01</leafValues></_>
        <_>
          <internalNodes>
            0 -1 102 1.4012061001267284e-04</internalNodes>
          <leafValues>
            1.3755051791667938e-01 -6.4459115266799927e-01</leafValues></_>
        <_>
          <internalNodes>
            0 -1 234 2.4138293229043484e-03</internalNodes>
          <leafValues>
            -2.8315874934196472e-01 3.7041923403739929e-01</leafValues></_>
        <_>
          <internalNodes>
            0 -1 61 -1.5374087728559971e-02</internalNodes>
          <leafValues>
            -7.3624008893966675e-01 1.7631490528583527e-01</leafValues></_>
        <_>
          <internalNodes>
            0 -1 206 5.1367585547268391e-03</internalNodes>
          <leafValues>
            -3.4927570819854736e-01 3.3203679323196411e-01</leafValues></_>
        <_>
          <internalNodes>
            0 -1 194 7.6813600026071072e-04</internalNodes>
          <leafValues>
            -5.2465194463729858e-01 1.9225244224071503e-01</leafValues></_>
        <_>
          <internalNodes>
            0 -1 29 -6.1462745070457458e-03</internalNodes>
          <leafValues>
            4.7201386094093323e-01 -2.4367572367191315e-01</leafValues></_>
        <_>
          <internalNodes>
            0 -1 232 -7.0149879902601242e-03</internalNodes>
          <leafValues>
            5.0621932744979858e-01 -1.8851794302463531e-01</leafValues></_>
        <_>
          <internalNodes>
            0 -1 228 1.7019864171743393e-02</internalNodes>
          <leafValues>
            1.6153094172477722e-01 -6.5542656183242798e-01</leafValues></_>
        <_>
          <internalNodes>
            0 -1 238 2.3075282573699951e-02</internalNodes>
          <leafValues>
            -2.5594514608383179e-01 4.4502413272857666e-01</leafValues></_>
        <_>
          <internalNodes>
            0 -1 127 -3.2101627439260483e-03</internalNodes>
          <leafValues>
            4.2158326506614685e-01 -2.6995795965194702e-01</leafValues></_>
        <_>
          <internalNodes>
            0 -1 101 -2.3701793979853392e-03</internalNodes>
          <leafValues>
            5.0274860858917236e-01 -2.2800600528717041e-01</leafValues></_>
        <_>
          <internalNodes>
            0 -1 147 3.4270138712599874e-04</internalNodes>
          <leafValues>
            1.9245857000350952e-01 -5.8402031660079956e-01</leafValues></_>
        <_>
          <internalNodes>
            0 -1 146 -2.4942561867646873e-04</internalNodes>
          <leafValues>
            -6.5275329351425171e-01 2.0444031059741974e-01</leafValues></_></weakClassifiers></_>
    <!-- stage 14 -->
    <_>
      <maxWeakCount>18</maxWeakCount>
      <stageThreshold>-1.5473339557647705e+00</stageThreshold>
      <weakClassifiers>
        <_>
          <internalNodes>
            0 -1 208 2.5646062567830086e-03</internalNodes>
          <leafValues>
            -3.3437743782997131e-01 3.7231504917144775e-01</leafValues></_>
        <_>
          <internalNodes>
            0 -1 113 9.7173471003770828e-03</internalNodes>
          <leafValues>
            -3.9758533239364624e-01 3.0233809351921082e-01</leafValues></_>
        <_>
          <internalNodes>
            0 -1 175 -1.5180318150669336e-03</internalNodes>
          <leafValues>
            2.9917573928833008e-01 -3.8687363266944885e-01</leafValues></_>
        <_>
          <internalNodes>
            0 -1 133 2.2519745107274503e-04</internalNodes>
          <leafValues>
            1.5933282673358917e-01 -7.0332086086273193e-01</leafValues></_>
        <_>
          <internalNodes>
            0 -1 58 -4.3813218362629414e-03</internalNodes>
          <leafValues>
            3.6822023987770081e-01 -3.2074117660522461e-01</leafValues></_>
        <_>
          <internalNodes>
            0 -1 49 -6.7319027148187160e-03</internalNodes>
          <leafValues>
            3.5138353705406189e-01 -3.1097912788391113e-01</leafValues></_>
        <_>
          <internalNodes>
            0 -1 131 1.5493294631596655e-04</internalNodes>
          <leafValues>
            2.0536082983016968e-01 -6.5411412715911865e-01</leafValues></_>
        <_>
          <internalNodes>
            0 -1 73 2.5763907469809055e-03</internalNodes>
          <leafValues>
            1.3832506537437439e-01 -6.2038159370422363e-01</leafValues></_>
        <_>
          <internalNodes>
            0 -1 86 -1.9339248538017273e-02</internalNodes>
          <leafValues>
            -8.9169615507125854e-01 9.8046883940696716e-02</leafValues></_>
        <_>
          <internalNodes>
            0 -1 153 -2.4012224748730659e-03</internalNodes>
          <leafValues>
            5.8317279815673828e-01 -2.0360095798969269e-01</leafValues></_>
        <_>
          <internalNodes>
            0 -1 57 -1.9619392231106758e-02</internalNodes>
          <leafValues>
            -5.7780551910400391e-01 2.2204306721687317e-01</leafValues></_>
        <_>
          <internalNodes>
            0 -1 36 -3.5092202015221119e-03</internalNodes>
          <leafValues>
            5.3146427869796753e-01 -2.4509613215923309e-01</leafValues></_>
        <_>
          <internalNodes>
            0 -1 50 7.2852103039622307e-03</internalNodes>
          <leafValues>
            -1.7153181135654449e-01 6.2430644035339355e-01</leafValues></_>
        <_>
          <internalNodes>
            0 -1 28 3.1230170279741287e-02</internalNodes>
          <leafValues>
            1.2220726907253265e-01 -8.4984230995178223e-01</leafValues></_>
        <_>
          <internalNodes>
            0 -1 137 4.5947823673486710e-04</internalNodes>
          <leafValues>
            2.2099654376506805e-01 -4.8323830962181091e-01</leafValues></_>
        <_>
          <internalNodes>
            0 -1 223 8.6384732276201248e-03</internalNodes>
          <leafValues>
            -2.5816607475280762e-01 4.4251126050949097e-01</leafValues></_>
        <_>
          <internalNodes>
            0 -1 2 5.0963985268026590e-04</internalNodes>
          <leafValues>
            1.8167532980442047e-01 -6.3675540685653687e-01</leafValues></_>
        <_>
          <internalNodes>
            0 -1 237 -1.6698660328984261e-03</internalNodes>
          <leafValues>
            5.1213735342025757e-01 -2.2449788451194763e-01</leafValues></_></weakClassifiers></_>
    <!-- stage 15 -->
    <_>
      <maxWeakCount>18</maxWeakCount>
      <stageThreshold>-1.4896767139434814e+00</stageThreshold>
      <weakClassifiers>
        <_>
          <internalNodes>
            0 -1 92 -1.7637315904721618e-03</internalNodes>
          <leafValues>
            3.2213437557220459e-01 -3.9981868863105774e-01</leafValues></_>
        <_>
          <internalNodes>
            0 -1 118 -1.0183974169194698e-02</internalNodes>
          <leafValues>
            5.0351452827453613e-01 -2.6908075809478760e-01</leafValues></_>
        <_>
          <internalNodes>
            0 -1 42 -1.3565921224653721e-02</internalNodes>
          <leafValues>
            1.5686453878879547e-01 -6.5214025974273682e-01</leafValues></_>
        <_>
          <internalNodes>
            0 -1 205 -4.4361493200995028e-04</internalNodes>
          <leafValues>
            -5.8675926923751831e-01 2.4762399494647980e-01</leafValues></_>
        <_>
          <internalNodes>
            0 -1 140 5.1291682757437229e-04</internalNodes>
          <leafValues>
            1.9159024953842163e-01 -5.0389122962951660e-01</leafValues></_>
        <_>
          <internalNodes>
            0 -1 110 -3.1978292390704155e-03</internalNodes>
          <leafValues>
            2.2190362215042114e-01 -5.2650028467178345e-01</leafValues></_>
        <_>
          <internalNodes>
            0 -1 14 1.1994623579084873e-02</internalNodes>
          <leafValues>
            1.1184731125831604e-01 -8.1562423706054688e-01</leafValues></_>
        <_>
          <internalNodes>
            0 -1 34 -1.1053656227886677e-02</internalNodes>
          <leafValues>
            6.0762864351272583e-01 -1.8639500439167023e-01</leafValues></_>
        <_>
          <internalNodes>
            0 -1 32 -1.5358978882431984e-02</internalNodes>
          <leafValues>
            -6.8132674694061279e-01 1.4553584158420563e-01</leafValues></_>
        <_>
          <internalNodes>
            0 -1 37 2.7666788548231125e-02</internalNodes>
          <leafValues>
            1.0917881131172180e-01 -7.5345784425735474e-01</leafValues></_>
        <_>
          <internalNodes>
            0 -1 93 -6.9057396613061428e-03</internalNodes>
          <leafValues>
            3.5538107156753540e-01 -3.2606524229049683e-01</leafValues></_>
        <_>
          <internalNodes>
            0 -1 39 -2.3203184828162193e-02</internalNodes>
          <leafValues>
            -8.6132997274398804e-01 1.3157913088798523e-01</leafValues></_>
        <_>
          <internalNodes>
            0 -1 204 4.4088260619901121e-04</internalNodes>
          <leafValues>
            1.1979591101408005e-01 -7.4272698163986206e-01</leafValues></_>
        <_>
          <internalNodes>
            0 -1 122 -8.0759841948747635e-03</internalNodes>
          <leafValues>
            2.9695618152618408e-01 -3.5661575198173523e-01</leafValues></_>
        <_>
          <internalNodes>
            0 -1 156 -3.1820512376725674e-03</internalNodes>
          <leafValues>
            5.8991175889968872e-01 -1.8800313770771027e-01</leafValues></_>
        <_>
          <internalNodes>
            0 -1 221 2.3753989487886429e-02</internalNodes>
          <leafValues>
            2.2497303783893585e-01 -5.4148817062377930e-01</leafValues></_>
        <_>
          <internalNodes>
            0 -1 207 2.2023095516487956e-04</internalNodes>
          <leafValues>
            2.1903075277805328e-01 -4.8242196440696716e-01</leafValues></_>
        <_>
          <internalNodes>
            0 -1 165 -1.0997315403074026e-03</internalNodes>
          <leafValues>
            3.0128619074821472e-01 -3.3919024467468262e-01</leafValues></_></weakClassifiers></_>
    <!-- stage 16 -->
    <_>
      <maxWeakCount>18</maxWeakCount>
      <stageThreshold>-1.5335550308227539e+00</stageThreshold>
      <weakClassifiers>
        <_>
          <internalNodes>
            0 -1 45 -5.4116543382406235e-02</internalNodes>
          <leafValues>
            3.8775509595870972e-01 -3.7064072489738464e-01</leafValues></_>
        <_>
          <internalNodes>
            0 -1 111 1.9931999850086868e-04</internalNodes>
          <leafValues>
            2.3849518597126007e-01 -5.7155412435531616e-01</leafValues></_>
        <_>
          <internalNodes>
            0 -1 114 1.2093485565856099e-04</internalNodes>
          <leafValues>
            1.9335037469863892e-01 -5.4217940568923950e-01</leafValues></_>
        <_>
          <internalNodes>
            0 -1 213 4.0175155736505985e-03</internalNodes>
          <leafValues>
            -3.0877873301506042e-01 3.3553472161293030e-01</leafValues></_>
        <_>
          <internalNodes>
            0 -1 168 -1.5567502006888390e-02</internalNodes>
          <leafValues>
            -7.7187222242355347e-01 1.3266222178936005e-01</leafValues></_>
        <_>
          <internalNodes>
            0 -1 38 2.5253292173147202e-02</internalNodes>
          <leafValues>
            1.0356812179088593e-01 -8.3671569824218750e-01</leafValues></_>
        <_>
          <internalNodes>
            0 -1 33 -3.3507500775158405e-03</internalNodes>
          <leafValues>
            7.2055572271347046e-01 -1.5577802062034607e-01</leafValues></_>
        <_>
          <internalNodes>
            0 -1 66 1.7286290228366852e-01</internalNodes>
          <leafValues>
            1.2953363358974457e-01 -7.7607530355453491e-01</leafValues></_>
        <_>
          <internalNodes>
            0 -1 90 -6.0092722997069359e-03</internalNodes>
          <leafValues>
            1.4081278443336487e-01 -6.7943078279495239e-01</leafValues></_>
        <_>
          <internalNodes>
            0 -1 233 -1.8439274281263351e-02</internalNodes>
          <leafValues>
            8.0854851007461548e-01 -1.5558347105979919e-01</leafValues></_>
        <_>
          <internalNodes>
            0 -1 229 5.9613073244690895e-04</internalNodes>
          <leafValues>
            3.0043107271194458e-01 -3.4860864281654358e-01</leafValues></_>
        <_>
          <internalNodes>
            0 -1 103 4.1155712096951902e-04</internalNodes>
          <leafValues>
            1.1996552348136902e-01 -6.7499721050262451e-01</leafValues></_>
        <_>
          <internalNodes>
            0 -1 132 -3.3474322408437729e-03</internalNodes>
          <leafValues>
            2.3023201525211334e-01 -4.6447455883026123e-01</leafValues></_>
        <_>
          <internalNodes>
            0 -1 4 -1.8167980015277863e-02</internalNodes>
          <leafValues>
            5.6969779729843140e-01 -1.9716553390026093e-01</leafValues></_>
        <_>
          <internalNodes>
            0 -1 215 -6.8785962648689747e-03</internalNodes>
          <leafValues>
            3.9102882146835327e-01 -2.6157143712043762e-01</leafValues></_>
        <_>
          <internalNodes>
            0 -1 151 -1.2317663058638573e-02</internalNodes>
          <leafValues>
            -9.0330183506011963e-01 1.1493816226720810e-01</leafValues></_>
        <_>
          <internalNodes>
            0 -1 186 -8.7964516133069992e-03</internalNodes>
          <leafValues>
            2.5635975599288940e-01 -3.9113387465476990e-01</leafValues></_>
        <_>
          <internalNodes>
            0 -1 160 -3.3210553228855133e-03</internalNodes>
          <leafValues>
            3.8409951329231262e-01 -2.6855039596557617e-01</leafValues></_></weakClassifiers></_>
    <!-- stage 17 -->
    <_>
      <maxWeakCount>19</maxWeakCount>
      <stageThreshold>-1.5289686918258667e+00</stageThreshold>
      <weakClassifiers>
        <_>
          <internalNodes>
            0 -1 60 3.3242893405258656e-03</internalNodes>
          <leafValues>
            -3.1831395626068115e-01 4.3707713484764099e-01</leafValues></_>
        <_>
          <internalNodes>
            0 -1 9 1.8301278352737427e-02</internalNodes>
          <leafValues>
            -3.4549510478973389e-01 3.5407191514968872e-01</leafValues></_>
        <_>
          <internalNodes>
            0 -1 159 5.9077393962070346e-04</internalNodes>
          <leafValues>
            1.8187503516674042e-01 -6.8982279300689697e-01</leafValues></_>
        <_>
          <internalNodes>
            0 -1 80 4.3963780626654625e-03</internalNodes>
          <leafValues>
            -2.8215157985687256e-01 4.5285621285438538e-01</leafValues></_>
        <_>
          <internalNodes>
            0 -1 170 5.7569062337279320e-03</internalNodes>
          <leafValues>
            1.3032750785350800e-01 -8.0851405858993530e-01</leafValues></_>
        <_>
          <internalNodes>
            0 -1 12 -3.2821837812662125e-03</internalNodes>
          <leafValues>
            3.6407566070556641e-01 -3.0047139525413513e-01</leafValues></_>
        <_>
          <internalNodes>
            0 -1 231 3.0981590971350670e-03</internalNodes>
          <leafValues>
            -2.4256162345409393e-01 4.3512287735939026e-01</leafValues></_>
        <_>
          <internalNodes>
            0 -1 10 6.2860539183020592e-03</internalNodes>
          <leafValues>
            -1.7936272919178009e-01 6.3123917579650879e-01</leafValues></_>
        <_>
          <internalNodes>
            0 -1 161 -1.2800237163901329e-02</internalNodes>
          <leafValues>
            -8.8378781080245972e-01 1.4917165040969849e-01</leafValues></_>
        <_>
          <internalNodes>
            0 -1 189 2.5011910474859178e-04</internalNodes>
          <leafValues>
            1.1562303453683853e-01 -6.0847842693328857e-01</leafValues></_>
        <_>
          <internalNodes>
            0 -1 147 2.0158734696451575e-04</internalNodes>
          <leafValues>
            1.9934152066707611e-01 -4.8638021945953369e-01</leafValues></_>
        <_>
          <internalNodes>
            0 -1 202 4.2530866339802742e-03</internalNodes>
          <leafValues>
            -1.9713787734508514e-01 5.2906847000122070e-01</leafValues></_>
        <_>
          <internalNodes>
            0 -1 239 6.5148563589900732e-04</internalNodes>
          <leafValues>
            1.9357441365718842e-01 -6.3100302219390869e-01</leafValues></_>
        <_>
          <internalNodes>
            0 -1 29 -4.6884980984032154e-03</internalNodes>
          <leafValues>
            3.3094456791877747e-01 -3.1121385097503662e-01</leafValues></_>
        <_>
          <internalNodes>
            0 -1 21 -8.1548243761062622e-03</internalNodes>
          <leafValues>
            4.9381026625633240e-01 -1.9122140109539032e-01</leafValues></_>
        <_>
          <internalNodes>
            0 -1 152 2.1498275455087423e-03</internalNodes>
          <leafValues>
            1.4279660582542419e-01 -7.3804527521133423e-01</leafValues></_>
        <_>
          <internalNodes>
            0 -1 157 -1.1922349222004414e-03</internalNodes>
          <leafValues>
            3.3994174003601074e-01 -3.2040691375732422e-01</leafValues></_>
        <_>
          <internalNodes>
            0 -1 13 -2.2295345552265644e-03</internalNodes>
          <leafValues>
            3.8581842184066772e-01 -2.6829966902732849e-01</leafValues></_>
        <_>
          <internalNodes>
            0 -1 64 -2.8531081043183804e-03</internalNodes>
          <leafValues>
            5.8885431289672852e-01 -1.8266744911670685e-01</leafValues></_></weakClassifiers></_>
    <!-- stage 18 -->
    <_>
      <maxWeakCount>21</maxWeakCount>
      <stageThreshold>-1.5989542007446289e+00</stageThreshold>
      <weakClassifiers>
        <_>
          <internalNodes>
            0 -1 200 2.8689005412161350e-03</internalNodes>
          <leafValues>
            -2.7871054410934448e-01 4.7923323512077332e-01</leafValues></_>
        <_>
          <internalNodes>
            0 -1 154 2.4259872734546661e-03</internalNodes>
          <leafValues>
            -2.5728124380111694e-01 4.9939018487930298e-01</leafValues></_>
        <_>
          <internalNodes>
            0 -1 108 1.9946709275245667e-02</internalNodes>
          <leafValues>
            1.8623490631580353e-01 -6.0625582933425903e-01</leafValues></_>
        <_>
          <internalNodes>
            0 -1 92 -3.7584495730698109e-03</internalNodes>
          <leafValues>
            4.6119886636734009e-01 -2.7280572056770325e-01</leafValues></_>
        <_>
          <internalNodes>
            0 -1 164 -4.5204022899270058e-04</internalNodes>
          <leafValues>
            -5.8652055263519287e-01 2.4353107810020447e-01</leafValues></_>
        <_>
          <internalNodes>
            0 -1 240 -1.1586785316467285e-02</internalNodes>
          <leafValues>
            4.9553412199020386e-01 -2.2224736213684082e-01</leafValues></_>
        <_>
          <internalNodes>
            0 -1 124 -5.3417352028191090e-03</internalNodes>
          <leafValues>
            3.0372291803359985e-01 -3.5815972089767456e-01</leafValues></_>
        <_>
          <internalNodes>
            0 -1 77 -2.4739014916121960e-03</internalNodes>
          <leafValues>
            -6.6055846214294434e-01 1.8822325766086578e-01</leafValues></_>
        <_>
          <internalNodes>
            0 -1 150 -7.0932076778262854e-04</internalNodes>
          <leafValues>
            3.1478545069694519e-01 -3.5595902800559998e-01</leafValues></_>
        <_>
          <internalNodes>
            0 -1 134 5.2086106734350324e-04</internalNodes>
          <leafValues>
            1.3908497989177704e-01 -6.6898697614669800e-01</leafValues></_>
        <_>
          <internalNodes>
            0 -1 75 -3.3960225991904736e-03</internalNodes>
          <leafValues>
            6.4698219299316406e-01 -1.8278181552886963e-01</leafValues></_>
        <_>
          <internalNodes>
            0 -1 23 1.4490925706923008e-02</internalNodes>
          <leafValues>
            -1.4036768674850464e-01 6.9097650051116943e-01</leafValues></_>
        <_>
          <internalNodes>
            0 -1 109 4.3489917879924178e-04</internalNodes>
          <leafValues>
            1.7938846349716187e-01 -6.7066848278045654e-01</leafValues></_>
        <_>
          <internalNodes>
            0 -1 216 8.7620515841990709e-04</internalNodes>
          <leafValues>
            1.8858739733695984e-01 -6.0084801912307739e-01</leafValues></_>
        <_>
          <internalNodes>
            0 -1 43 9.8893772810697556e-03</internalNodes>
          <leafValues>
            -1.9467109441757202e-01 6.3211554288864136e-01</leafValues></_>
        <_>
          <internalNodes>
            0 -1 99 -4.2383214458823204e-03</internalNodes>
          <leafValues>
            4.1266807913780212e-01 -2.6428711414337158e-01</leafValues></_>
        <_>
          <internalNodes>
            0 -1 107 1.4890769496560097e-02</internalNodes>
          <leafValues>
            -2.4978499114513397e-01 4.6364498138427734e-01</leafValues></_>
        <_>
          <internalNodes>
            0 -1 180 -3.6191911203786731e-04</internalNodes>
          <leafValues>
            -4.0297639369964600e-01 2.6604595780372620e-01</leafValues></_>
        <_>
          <internalNodes>
            0 -1 82 8.8905374286696315e-04</internalNodes>
          <leafValues>
            1.8834653496742249e-01 -5.8809417486190796e-01</leafValues></_>
        <_>
          <internalNodes>
            0 -1 69 1.5925609041005373e-03</internalNodes>
          <leafValues>
            -3.9916345477104187e-01 2.5470948219299316e-01</leafValues></_>
        <_>
          <internalNodes>
            0 -1 3 2.0775483548641205e-01</internalNodes>
          <leafValues>
            1.4267136156558990e-01 -8.6379152536392212e-01</leafValues></_></weakClassifiers></_>
    <!-- stage 19 -->
    <_>
      <maxWeakCount>19</maxWeakCount>
      <stageThreshold>-1.7176451683044434e+00</stageThreshold>
      <weakClassifiers>
        <_>
          <internalNodes>
            0 -1 115 -2.1648213441949338e-04</internalNodes>
          <leafValues>
            2.8668943047523499e-01 -4.7826087474822998e-01</leafValues></_>
        <_>
          <internalNodes>
            0 -1 226 1.7946662846952677e-03</internalNodes>
          <leafValues>
            -2.8765198588371277e-01 4.1186931729316711e-01</leafValues></_>
        <_>
          <internalNodes>
            0 -1 196 9.2475762357935309e-05</internalNodes>
          <leafValues>
            -4.9091312289237976e-01 2.4028907716274261e-01</leafValues></_>
        <_>
          <internalNodes>
            0 -1 30 1.7332494258880615e-02</internalNodes>
          <leafValues>
            -1.2209904193878174e-01 7.9741549491882324e-01</leafValues></_>
        <_>
          <internalNodes>
            0 -1 24 -4.7478643245995045e-03</internalNodes>
          <leafValues>
            2.4080237746238708e-01 -4.8648467659950256e-01</leafValues></_>
        <_>
          <internalNodes>
            0 -1 63 -4.8793666064739227e-03</internalNodes>
          <leafValues>
            5.6871765851974487e-01 -2.1659755706787109e-01</leafValues></_>
        <_>
          <internalNodes>
            0 -1 166 -2.1940588951110840e-02</internalNodes>
          <leafValues>
            -6.6893959045410156e-01 1.7637251317501068e-01</leafValues></_>
        <_>
          <internalNodes>
            0 -1 40 -1.3717316091060638e-02</internalNodes>
          <leafValues>
            4.4317790865898132e-01 -2.4430027604103088e-01</leafValues></_>
        <_>
          <internalNodes>
            0 -1 210 -2.0160896237939596e-03</internalNodes>
          <leafValues>
            4.9322572350502014e-01 -2.1517461538314819e-01</leafValues></_>
        <_>
          <internalNodes>
            0 -1 26 1.0084121488034725e-02</internalNodes>
          <leafValues>
            1.8198764324188232e-01 -7.3462110757827759e-01</leafValues></_>
        <_>
          <internalNodes>
            0 -1 171 -1.4865247067064047e-03</internalNodes>
          <leafValues>
            4.9266386032104492e-01 -2.5614422559738159e-01</leafValues></_>
        <_>
          <internalNodes>
            0 -1 81 5.5606261594220996e-04</internalNodes>
          <leafValues>
            1.9778667390346527e-01 -5.1528823375701904e-01</leafValues></_>
        <_>
          <internalNodes>
            0 -1 78 7.4289077892899513e-03</internalNodes>
          <leafValues>
            1.4114548265933990e-01 -8.4533327817916870e-01</leafValues></_>
        <_>
          <internalNodes>
            0 -1 218 4.8698768019676208e-02</internalNodes>
          <leafValues>
            1.0592503100633621e-01 -7.4684923887252808e-01</leafValues></_>
        <_>
          <internalNodes>
            0 -1 139 7.8471167944371700e-04</internalNodes>
          <leafValues>
            1.1932776868343353e-01 -7.0853453874588013e-01</leafValues></_>
        <_>
          <internalNodes>
            0 -1 51 -2.5376225821673870e-03</internalNodes>
          <leafValues>
            6.2586593627929688e-01 -1.8028065562248230e-01</leafValues></_>
        <_>
          <internalNodes>
            0 -1 98 -5.2395327948033810e-03</internalNodes>
          <leafValues>
            3.4322437644004822e-01 -2.9835855960845947e-01</leafValues></_>
        <_>
          <internalNodes>
            0 -1 83 -2.7792961336672306e-03</internalNodes>
          <leafValues>
            3.5288509726524353e-01 -3.2561737298965454e-01</leafValues></_>
        <_>
          <internalNodes>
            0 -1 121 -1.0130153037607670e-02</internalNodes>
          <leafValues>
            4.6797746419906616e-01 -2.7110815048217773e-01</leafValues></_></weakClassifiers></_></stages>
  <features>
    <_>
      <rects>
        <_>
          0 2 24 10 -1.</_>
        <_>
          6 2 12 10 2.</_></rects>
      <tilted>0</tilted></_>
    <_>
      <rects>
        <_>
          0 2 24 7 -1.</_>
        <_>
          8 2 8 7 3.</_></rects>
      <tilted>0</tilted></_>
    <_>
      <rects>
        <_>
          0 4 2 1 -1.</_>
        <_>
          1 4 1 1 2.</_></rects>
      <tilted>0</tilted></_>
    <_>
      <rects>
        <_>
          0 5 15 15 -1.</_>
        <_>
          0 10 15 5 3.</_></rects>
      <tilted>0</tilted></_>
    <_>
      <rects>
        <_>
          0 8 4 10 -1.</_>
        <_>
          2 8 2 10 2.</_></rects>
      <tilted>0</tilted></_>
    <_>
      <rects>
        <_>
          0 9 22 5 -1.</_>
        <_>
          11 9 11 5 2.</_></rects>
      <tilted>0</tilted></_>
    <_>
      <rects>
        <_>
          1 0 17 8 -1.</_>
        <_>
          1 4 17 4 2.</_></rects>
      <tilted>0</tilted></_>
    <_>
      <rects>
        <_>
          1 11 3 3 -1.</_>
        <_>
          2 11 1 3 3.</_></rects>
      <tilted>0</tilted></_>
    <_>
      <rects>
        <_>
          2 4 21 6 -1.</_>
        <_>
          9 6 7 2 9.</_></rects>
      <tilted>0</tilted></_>
    <_>
      <rects>
        <_>
          2 5 12 6 -1.</_>
        <_>
          2 5 6 3 2.</_>
        <_>
          8 8 6 3 2.</_></rects>
      <tilted>0</tilted></_>
    <_>
      <rects>
        <_>
          2 7 2 6 -1.</_>
        <_>
          2 7 1 3 2.</_>
        <_>
          3 10 1 3 2.</_></rects>
      <tilted>0</tilted></_>
    <_>
      <rects>
        <_>
          2 8 2 6 -1.</_>
        <_>
          2 8 1 3 2.</_>
        <_>
          3 11 1 3 2.</_></rects>
      <tilted>0</tilted></_>
    <_>
      <rects>
        <_>
          2 10 3 3 -1.</_>
        <_>
          3 11 1 1 9.</_></rects>
      <tilted>0</tilted></_>
    <_>
      <rects>
        <_>
          2 11 3 3 -1.</_>
        <_>
          3 12 1 1 9.</_></rects>
      <tilted>0</tilted></_>
    <_>
      <rects>
        <_>
          2 11 18 4 -1.</_>
        <_>
          2 13 18 2 2.</_></rects>
      <tilted>0</tilted></_>
    <_>
      <rects>
        <_>
          2 14 3 3 -1.</_>
        <_>
          3 15 1 1 9.</_></rects>
      <tilted>0</tilted></_>
    <_>
      <rects>
        <_>
          2 14 7 2 -1.</_>
        <_>
          2 14 7 1 2.</_></rects>
      <tilted>1</tilted></_>
    <_>
      <rects>
        <_>
          3 1 21 12 -1.</_>
        <_>
          10 5 7 4 9.</_></rects>
      <tilted>0</tilted></_>
    <_>
      <rects>
        <_>
          3 2 21 9 -1.</_>
        <_>
          10 5 7 3 9.</_></rects>
      <tilted>0</tilted></_>
    <_>
      <rects>
        <_>
          3 4 6 14 -1.</_>
        <_>
          6 4 3 14 2.</_></rects>
      <tilted>0</tilted></_>
    <_>
      <rects>
        <_>
          3 4 10 8 -1.</_>
        <_>
          3 4 5 4 2.</_>
        <_>
          8 8 5 4 2.</_></rects>
      <tilted>0</tilted></_>
    <_>
      <rects>
        <_>
          3 11 3 3 -1.</_>
        <_>
          4 12 1 1 9.</_></rects>
      <tilted>0</tilted></_>
    <_>
      <rects>
        <_>
          3 13 3 3 -1.</_>
        <_>
          4 14 1 1 9.</_></rects>
      <tilted>0</tilted></_>
    <_>
      <rects>
        <_>
          3 14 5 3 -1.</_>
        <_>
          2 15 5 1 3.</_></rects>
      <tilted>1</tilted></_>
    <_>
      <rects>
        <_>
          3 17 12 4 -1.</_>
        <_>
          9 17 6 4 2.</_></rects>
      <tilted>0</tilted></_>
    <_>
      <rects>
        <_>
          4 0 13 15 -1.</_>
        <_>
          4 5 13 5 3.</_></rects>
      <tilted>0</tilted></_>
    <_>
      <rects>
        <_>
          4 1 6 16 -1.</_>
        <_>
          7 1 3 16 2.</_></rects>
      <tilted>0</tilted></_>
    <_>
      <rects>
        <_>
          4 3 12 18 -1.</_>
        <_>
          10 3 6 18 2.</_></rects>
      <tilted>0</tilted></_>
    <_>
      <rects>
        <_>
          4 6 10 11 -1.</_>
        <_>
          9 6 5 11 2.</_></rects>
      <tilted>0</tilted></_>
    <_>
      <rects>
        <_>
          4 10 3 3 -1.</_>
        <_>
          5 11 1 1 9.</_></rects>
      <tilted>0</tilted></_>
    <_>
      <rects>
        <_>
          4 11 3 3 -1.</_>
        <_>
          5 12 1 1 9.</_></rects>
      <tilted>0</tilted></_>
    <_>
      <rects>
        <_>
          4 11 6 9 -1.</_>
        <_>
          7 11 3 9 2.</_></rects>
      <tilted>0</tilted></_>
    <_>
      <rects>
        <_>
          4 11 19 6 -1.</_>
        <_>
          4 13 19 2 3.</_></rects>
      <tilted>0</tilted></_>
    <_>
      <rects>
        <_>
          4 12 1 3 -1.</_>
        <_>
          4 13 1 1 3.</_></rects>
      <tilted>0</tilted></_>
    <_>
      <rects>
        <_>
          4 13 4 3 -1.</_>
        <_>
          3 14 4 1 3.</_></rects>
      <tilted>1</tilted></_>
    <_>
      <rects>
        <_>
          4 13 7 4 -1.</_>
        <_>
          3 14 7 2 2.</_></rects>
      <tilted>1</tilted></_>
    <_>
      <rects>
        <_>
          4 17 4 4 -1.</_>
        <_>
          4 17 2 2 2.</_>
        <_>
          6 19 2 2 2.</_></rects>
      <tilted>0</tilted></_>
    <_>
      <rects>
        <_>
          5 2 12 15 -1.</_>
        <_>
          9 2 4 15 3.</_></rects>
      <tilted>0</tilted></_>
    <_>
      <rects>
        <_>
          5 6 9 10 -1.</_>
        <_>
          8 6 3 10 3.</_></rects>
      <tilted>0</tilted></_>
    <_>
      <rects>
        <_>
          5 7 10 8 -1.</_>
        <_>
          10 7 5 8 2.</_></rects>
      <tilted>0</tilted></_>
    <_>
      <rects>
        <_>
          5 10 6 3 -1.</_>
        <_>
          7 11 2 1 9.</_></rects>
      <tilted>0</tilted></_>
    <_>
      <rects>
        <_>
          5 10 12 6 -1.</_>
        <_>
          8 10 6 6 2.</_></rects>
      <tilted>0</tilted></_>
    <_>
      <rects>
        <_>
          5 14 12 6 -1.</_>
        <_>
          9 16 4 2 9.</_></rects>
      <tilted>0</tilted></_>
    <_>
      <rects>
        <_>
          5 14 5 3 -1.</_>
        <_>
          4 15 5 1 3.</_></rects>
      <tilted>1</tilted></_>
    <_>
      <rects>
        <_>
          6 0 10 16 -1.</_>
        <_>
          6 4 10 8 2.</_></rects>
      <tilted>0</tilted></_>
    <_>
      <rects>
        <_>
          6 1 12 9 -1.</_>
        <_>
          6 4 12 3 3.</_></rects>
      <tilted>0</tilted></_>
    <_>
      <rects>
        <_>
          6 2 12 19 -1.</_>
        <_>
          10 2 4 19 3.</_></rects>
      <tilted>0</tilted></_>
    <_>
      <rects>
        <_>
          6 7 12 10 -1.</_>
        <_>
          12 7 6 10 2.</_></rects>
      <tilted>0</tilted></_>
    <_>
      <rects>
        <_>
          6 8 9 5 -1.</_>
        <_>
          9 8 3 5 3.</_></rects>
      <tilted>0</tilted></_>
    <_>
      <rects>
        <_>
          6 11 3 3 -1.</_>
        <_>
          7 12 1 1 9.</_></rects>
      <tilted>0</tilted></_>
    <_>
      <rects>
        <_>
          6 16 3 3 -1.</_>
        <_>
          5 17 3 1 3.</_></rects>
      <tilted>1</tilted></_>
    <_>
      <rects>
        <_>
          6 17 1 4 -1.</_>
        <_>
          6 18 1 2 2.</_></rects>
      <tilted>0</tilted></_>
    <_>
      <rects>
        <_>
          7 0 9 8 -1.</_>
        <_>
          7 4 9 4 2.</_></rects>
      <tilted>0</tilted></_>
    <_>
      <rects>
        <_>
          7 4 12 3 -1.</_>
        <_>
          7 4 6 3 2.</_></rects>
      <tilted>1</tilted></_>
    <_>
      <rects>
        <_>
          7 6 6 14 -1.</_>
        <_>
          10 6 3 14 2.</_></rects>
      <tilted>0</tilted></_>
    <_>
      <rects>
        <_>
          7 7 10 10 -1.</_>
        <_>
          12 7 5 10 2.</_></rects>
      <tilted>0</tilted></_>
    <_>
      <rects>
        <_>
          7 8 6 6 -1.</_>
        <_>
          10 8 3 6 2.</_></rects>
      <tilted>0</tilted></_>
    <_>
      <rects>
        <_>
          7 9 9 6 -1.</_>
        <_>
          10 11 3 2 9.</_></rects>
      <tilted>0</tilted></_>
    <_>
      <rects>
        <_>
          7 10 3 3 -1.</_>
        <_>
          8 11 1 1 9.</_></rects>
      <tilted>0</tilted></_>
    <_>
      <rects>
        <_>
          7 10 4 3 -1.</_>
        <_>
          8 10 2 3 2.</_></rects>
      <tilted>0</tilted></_>
    <_>
      <rects>
        <_>
          7 11 4 1 -1.</_>
        <_>
          8 11 2 1 2.</_></rects>
      <tilted>0</tilted></_>
    <_>
      <rects>
        <_>
          7 11 9 3 -1.</_>
        <_>
          10 12 3 1 9.</_></rects>
      <tilted>0</tilted></_>
    <_>
      <rects>
        <_>
          7 12 3 3 -1.</_>
        <_>
          8 13 1 1 9.</_></rects>
      <tilted>0</tilted></_>
    <_>
      <rects>
        <_>
          7 18 2 3 -1.</_>
        <_>
          6 19 2 1 3.</_></rects>
      <tilted>1</tilted></_>
    <_>
      <rects>
        <_>
          8 1 2 2 -1.</_>
        <_>
          8 2 2 1 2.</_></rects>
      <tilted>0</tilted></_>
    <_>
      <rects>
        <_>
          8 2 3 8 -1.</_>
        <_>
          9 3 1 8 3.</_></rects>
      <tilted>1</tilted></_>
    <_>
      <rects>
        <_>
          8 4 9 15 -1.</_>
        <_>
          11 9 3 5 9.</_></rects>
      <tilted>0</tilted></_>
    <_>
      <rects>
        <_>
          8 5 9 6 -1.</_>
        <_>
          11 5 3 6 3.</_></rects>
      <tilted>0</tilted></_>
    <_>
      <rects>
        <_>
          8 6 9 12 -1.</_>
        <_>
          8 10 9 4 3.</_></rects>
      <tilted>0</tilted></_>
    <_>
      <rects>
        <_>
          8 8 2 5 -1.</_>
        <_>
          9 8 1 5 2.</_></rects>
      <tilted>0</tilted></_>
    <_>
      <rects>
        <_>
          8 9 4 3 -1.</_>
        <_>
          9 9 2 3 2.</_></rects>
      <tilted>0</tilted></_>
    <_>
      <rects>
        <_>
          8 9 8 10 -1.</_>
        <_>
          8 14 8 5 2.</_></rects>
      <tilted>0</tilted></_>
    <_>
      <rects>
        <_>
          8 11 3 3 -1.</_>
        <_>
          9 11 1 3 3.</_></rects>
      <tilted>0</tilted></_>
    <_>
      <rects>
        <_>
          8 11 6 2 -1.</_>
        <_>
          11 11 3 2 2.</_></rects>
      <tilted>0</tilted></_>
    <_>
      <rects>
        <_>
          8 11 9 2 -1.</_>
        <_>
          11 11 3 2 3.</_></rects>
      <tilted>0</tilted></_>
    <_>
      <rects>
        <_>
          8 12 3 1 -1.</_>
        <_>
          9 12 1 1 3.</_></rects>
      <tilted>0</tilted></_>
    <_>
      <rects>
        <_>
          8 12 3 2 -1.</_>
        <_>
          9 12 1 2 3.</_></rects>
      <tilted>0</tilted></_>
    <_>
      <rects>
        <_>
          8 12 6 1 -1.</_>
        <_>
          11 12 3 1 2.</_></rects>
      <tilted>0</tilted></_>
    <_>
      <rects>
        <_>
          8 12 4 3 -1.</_>
        <_>
          8 13 4 1 3.</_></rects>
      <tilted>0</tilted></_>
    <_>
      <rects>
        <_>
          8 13 4 1 -1.</_>
        <_>
          9 13 2 1 2.</_></rects>
      <tilted>0</tilted></_>
    <_>
      <rects>
        <_>
          8 13 4 3 -1.</_>
        <_>
          9 13 2 3 2.</_></rects>
      <tilted>0</tilted></_>
    <_>
      <rects>
        <_>
          8 14 3 3 -1.</_>
        <_>
          9 15 1 1 9.</_></rects>
      <tilted>0</tilted></_>
    <_>
      <rects>
        <_>
          8 15 5 3 -1.</_>
        <_>
          8 16 5 1 3.</_></rects>
      <tilted>0</tilted></_>
    <_>
      <rects>
        <_>
          8 16 15 1 -1.</_>
        <_>
          13 16 5 1 3.</_></rects>
      <tilted>0</tilted></_>
    <_>
      <rects>
        <_>
          9 1 2 9 -1.</_>
        <_>
          9 1 1 9 2.</_></rects>
      <tilted>1</tilted></_>
    <_>
      <rects>
        <_>
          9 5 3 1 -1.</_>
        <_>
          10 5 1 1 3.</_></rects>
      <tilted>0</tilted></_>
    <_>
      <rects>
        <_>
          9 5 6 4 -1.</_>
        <_>
          9 5 6 2 2.</_></rects>
      <tilted>1</tilted></_>
    <_>
      <rects>
        <_>
          9 6 4 4 -1.</_>
        <_>
          9 6 4 2 2.</_></rects>
      <tilted>1</tilted></_>
    <_>
      <rects>
        <_>
          9 6 7 12 -1.</_>
        <_>
          9 9 7 6 2.</_></rects>
      <tilted>0</tilted></_>
    <_>
      <rects>
        <_>
          9 8 5 10 -1.</_>
        <_>
          9 13 5 5 2.</_></rects>
      <tilted>0</tilted></_>
    <_>
      <rects>
        <_>
          9 8 6 10 -1.</_>
        <_>
          9 13 6 5 2.</_></rects>
      <tilted>0</tilted></_>
    <_>
      <rects>
        <_>
          9 10 4 8 -1.</_>
        <_>
          9 14 4 4 2.</_></rects>
      <tilted>0</tilted></_>
    <_>
      <rects>
        <_>
          9 11 3 1 -1.</_>
        <_>
          10 11 1 1 3.</_></rects>
      <tilted>0</tilted></_>
    <_>
      <rects>
        <_>
          9 11 3 3 -1.</_>
        <_>
          10 12 1 1 9.</_></rects>
      <tilted>0</tilted></_>
    <_>
      <rects>
        <_>
          9 11 2 2 -1.</_>
        <_>
          10 11 1 2 2.</_></rects>
      <tilted>0</tilted></_>
    <_>
      <rects>
        <_>
          9 11 2 6 -1.</_>
        <_>
          9 11 1 3 2.</_>
        <_>
          10 14 1 3 2.</_></rects>
      <tilted>0</tilted></_>
    <_>
      <rects>
        <_>
          9 11 6 6 -1.</_>
        <_>
          9 13 6 2 3.</_></rects>
      <tilted>0</tilted></_>
    <_>
      <rects>
        <_>
          9 12 3 1 -1.</_>
        <_>
          10 12 1 1 3.</_></rects>
      <tilted>0</tilted></_>
    <_>
      <rects>
        <_>
          9 12 3 6 -1.</_>
        <_>
          10 14 1 2 9.</_></rects>
      <tilted>0</tilted></_>
    <_>
      <rects>
        <_>
          9 12 3 9 -1.</_>
        <_>
          10 12 1 9 3.</_></rects>
      <tilted>0</tilted></_>
    <_>
      <rects>
        <_>
          9 12 7 6 -1.</_>
        <_>
          9 15 7 3 2.</_></rects>
      <tilted>0</tilted></_>
    <_>
      <rects>
        <_>
          9 13 3 1 -1.</_>
        <_>
          10 13 1 1 3.</_></rects>
      <tilted>0</tilted></_>
    <_>
      <rects>
        <_>
          9 14 3 6 -1.</_>
        <_>
          10 16 1 2 9.</_></rects>
      <tilted>0</tilted></_>
    <_>
      <rects>
        <_>
          9 14 3 2 -1.</_>
        <_>
          9 15 3 1 2.</_></rects>
      <tilted>0</tilted></_>
    <_>
      <rects>
        <_>
          9 14 7 8 -1.</_>
        <_>
          9 16 7 4 2.</_></rects>
      <tilted>0</tilted></_>
    <_>
      <rects>
        <_>
          9 17 2 1 -1.</_>
        <_>
          10 17 1 1 2.</_></rects>
      <tilted>0</tilted></_>
    <_>
      <rects>
        <_>
          9 17 4 1 -1.</_>
        <_>
          11 17 2 1 2.</_></rects>
      <tilted>0</tilted></_>
    <_>
      <rects>
        <_>
          10 0 2 10 -1.</_>
        <_>
          10 0 1 10 2.</_></rects>
      <tilted>1</tilted></_>
    <_>
      <rects>
        <_>
          10 0 8 17 -1.</_>
        <_>
          12 0 4 17 2.</_></rects>
      <tilted>0</tilted></_>
    <_>
      <rects>
        <_>
          10 4 2 1 -1.</_>
        <_>
          11 4 1 1 2.</_></rects>
      <tilted>0</tilted></_>
    <_>
      <rects>
        <_>
          10 4 4 6 -1.</_>
        <_>
          10 6 4 2 3.</_></rects>
      <tilted>0</tilted></_>
    <_>
      <rects>
        <_>
          10 6 1 2 -1.</_>
        <_>
          10 7 1 1 2.</_></rects>
      <tilted>0</tilted></_>
    <_>
      <rects>
        <_>
          10 6 8 11 -1.</_>
        <_>
          14 6 4 11 2.</_></rects>
      <tilted>0</tilted></_>
    <_>
      <rects>
        <_>
          10 6 14 2 -1.</_>
        <_>
          17 6 7 2 2.</_></rects>
      <tilted>0</tilted></_>
    <_>
      <rects>
        <_>
          10 7 2 1 -1.</_>
        <_>
          11 7 1 1 2.</_></rects>
      <tilted>0</tilted></_>
    <_>
      <rects>
        <_>
          10 9 5 6 -1.</_>
        <_>
          10 11 5 2 3.</_></rects>
      <tilted>0</tilted></_>
    <_>
      <rects>
        <_>
          10 10 3 1 -1.</_>
        <_>
          11 10 1 1 3.</_></rects>
      <tilted>0</tilted></_>
    <_>
      <rects>
        <_>
          10 10 3 2 -1.</_>
        <_>
          11 10 1 2 3.</_></rects>
      <tilted>0</tilted></_>
    <_>
      <rects>
        <_>
          10 10 3 3 -1.</_>
        <_>
          11 10 1 3 3.</_></rects>
      <tilted>0</tilted></_>
    <_>
      <rects>
        <_>
          10 11 3 1 -1.</_>
        <_>
          11 11 1 1 3.</_></rects>
      <tilted>0</tilted></_>
    <_>
      <rects>
        <_>
          10 11 4 1 -1.</_>
        <_>
          11 11 2 1 2.</_></rects>
      <tilted>0</tilted></_>
    <_>
      <rects>
        <_>
          10 11 3 3 -1.</_>
        <_>
          11 12 1 1 9.</_></rects>
      <tilted>0</tilted></_>
    <_>
      <rects>
        <_>
          10 11 3 6 -1.</_>
        <_>
          11 13 1 2 9.</_></rects>
      <tilted>0</tilted></_>
    <_>
      <rects>
        <_>
          10 12 3 1 -1.</_>
        <_>
          11 12 1 1 3.</_></rects>
      <tilted>0</tilted></_>
    <_>
      <rects>
        <_>
          10 12 3 3 -1.</_>
        <_>
          11 13 1 1 9.</_></rects>
      <tilted>0</tilted></_>
    <_>
      <rects>
        <_>
          10 12 3 2 -1.</_>
        <_>
          11 12 1 2 3.</_></rects>
      <tilted>0</tilted></_>
    <_>
      <rects>
        <_>
          10 12 3 6 -1.</_>
        <_>
          11 14 1 2 9.</_></rects>
      <tilted>0</tilted></_>
    <_>
      <rects>
        <_>
          10 13 3 1 -1.</_>
        <_>
          11 13 1 1 3.</_></rects>
      <tilted>0</tilted></_>
    <_>
      <rects>
        <_>
          10 13 3 2 -1.</_>
        <_>
          11 13 1 2 3.</_></rects>
      <tilted>0</tilted></_>
    <_>
      <rects>
        <_>
          10 14 3 1 -1.</_>
        <_>
          11 14 1 1 3.</_></rects>
      <tilted>0</tilted></_>
    <_>
      <rects>
        <_>
          10 14 12 4 -1.</_>
        <_>
          10 14 6 2 2.</_>
        <_>
          16 16 6 2 2.</_></rects>
      <tilted>0</tilted></_>
    <_>
      <rects>
        <_>
          10 15 1 2 -1.</_>
        <_>
          10 16 1 1 2.</_></rects>
      <tilted>0</tilted></_>
    <_>
      <rects>
        <_>
          10 15 6 6 -1.</_>
        <_>
          12 17 2 2 9.</_></rects>
      <tilted>0</tilted></_>
    <_>
      <rects>
        <_>
          10 16 1 2 -1.</_>
        <_>
          10 17 1 1 2.</_></rects>
      <tilted>0</tilted></_>
    <_>
      <rects>
        <_>
          10 17 3 1 -1.</_>
        <_>
          11 17 1 1 3.</_></rects>
      <tilted>0</tilted></_>
    <_>
      <rects>
        <_>
          10 17 4 1 -1.</_>
        <_>
          11 17 2 1 2.</_></rects>
      <tilted>0</tilted></_>
    <_>
      <rects>
        <_>
          10 17 4 1 -1.</_>
        <_>
          12 17 2 1 2.</_></rects>
      <tilted>0</tilted></_>
    <_>
      <rects>
        <_>
          10 17 3 2 -1.</_>
        <_>
          10 18 3 1 2.</_></rects>
      <tilted>0</tilted></_>
    <_>
      <rects>
        <_>
          11 3 4 19 -1.</_>
        <_>
          13 3 2 19 2.</_></rects>
      <tilted>0</tilted></_>
    <_>
      <rects>
        <_>
          11 5 3 1 -1.</_>
        <_>
          12 5 1 1 3.</_></rects>
      <tilted>0</tilted></_>
    <_>
      <rects>
        <_>
          11 5 2 1 -1.</_>
        <_>
          11 5 1 1 2.</_></rects>
      <tilted>1</tilted></_>
    <_>
      <rects>
        <_>
          11 5 6 13 -1.</_>
        <_>
          13 5 2 13 3.</_></rects>
      <tilted>0</tilted></_>
    <_>
      <rects>
        <_>
          11 5 6 4 -1.</_>
        <_>
          11 5 3 4 2.</_></rects>
      <tilted>1</tilted></_>
    <_>
      <rects>
        <_>
          11 5 3 10 -1.</_>
        <_>
          11 10 3 5 2.</_></rects>
      <tilted>0</tilted></_>
    <_>
      <rects>
        <_>
          11 6 2 1 -1.</_>
        <_>
          12 6 1 1 2.</_></rects>
      <tilted>0</tilted></_>
    <_>
      <rects>
        <_>
          11 6 3 1 -1.</_>
        <_>
          12 6 1 1 3.</_></rects>
      <tilted>0</tilted></_>
    <_>
      <rects>
        <_>
          11 7 2 1 -1.</_>
        <_>
          12 7 1 1 2.</_></rects>
      <tilted>0</tilted></_>
    <_>
      <rects>
        <_>
          11 7 4 1 -1.</_>
        <_>
          12 7 2 1 2.</_></rects>
      <tilted>0</tilted></_>
    <_>
      <rects>
        <_>
          11 10 3 1 -1.</_>
        <_>
          12 10 1 1 3.</_></rects>
      <tilted>0</tilted></_>
    <_>
      <rects>
        <_>
          11 10 2 4 -1.</_>
        <_>
          11 10 1 2 2.</_>
        <_>
          12 12 1 2 2.</_></rects>
      <tilted>0</tilted></_>
    <_>
      <rects>
        <_>
          11 10 4 4 -1.</_>
        <_>
          11 11 4 2 2.</_></rects>
      <tilted>0</tilted></_>
    <_>
      <rects>
        <_>
          11 10 6 4 -1.</_>
        <_>
          11 12 6 2 2.</_></rects>
      <tilted>0</tilted></_>
    <_>
      <rects>
        <_>
          11 11 3 2 -1.</_>
        <_>
          11 12 3 1 2.</_></rects>
      <tilted>0</tilted></_>
    <_>
      <rects>
        <_>
          11 12 3 1 -1.</_>
        <_>
          12 12 1 1 3.</_></rects>
      <tilted>0</tilted></_>
    <_>
      <rects>
        <_>
          11 12 4 1 -1.</_>
        <_>
          12 12 2 1 2.</_></rects>
      <tilted>0</tilted></_>
    <_>
      <rects>
        <_>
          11 12 2 2 -1.</_>
        <_>
          12 12 1 2 2.</_></rects>
      <tilted>0</tilted></_>
    <_>
      <rects>
        <_>
          11 13 3 1 -1.</_>
        <_>
          12 13 1 1 3.</_></rects>
      <tilted>0</tilted></_>
    <_>
      <rects>
        <_>
          11 13 3 3 -1.</_>
        <_>
          12 14 1 1 9.</_></rects>
      <tilted>0</tilted></_>
    <_>
      <rects>
        <_>
          11 15 4 9 -1.</_>
        <_>
          11 18 4 3 3.</_></rects>
      <tilted>0</tilted></_>
    <_>
      <rects>
        <_>
          11 17 4 1 -1.</_>
        <_>
          13 17 2 1 2.</_></rects>
      <tilted>0</tilted></_>
    <_>
      <rects>
        <_>
          11 18 2 6 -1.</_>
        <_>
          11 20 2 2 3.</_></rects>
      <tilted>0</tilted></_>
    <_>
      <rects>
        <_>
          12 4 4 14 -1.</_>
        <_>
          14 4 2 14 2.</_></rects>
      <tilted>0</tilted></_>
    <_>
      <rects>
        <_>
          12 6 2 1 -1.</_>
        <_>
          13 6 1 1 2.</_></rects>
      <tilted>0</tilted></_>
    <_>
      <rects>
        <_>
          12 6 3 1 -1.</_>
        <_>
          13 6 1 1 3.</_></rects>
      <tilted>0</tilted></_>
    <_>
      <rects>
        <_>
          12 6 2 2 -1.</_>
        <_>
          12 6 1 1 2.</_>
        <_>
          13 7 1 1 2.</_></rects>
      <tilted>0</tilted></_>
    <_>
      <rects>
        <_>
          12 6 2 10 -1.</_>
        <_>
          13 6 1 10 2.</_></rects>
      <tilted>0</tilted></_>
    <_>
      <rects>
        <_>
          12 6 4 9 -1.</_>
        <_>
          9 9 4 3 3.</_></rects>
      <tilted>1</tilted></_>
    <_>
      <rects>
        <_>
          12 7 2 6 -1.</_>
        <_>
          12 7 1 3 2.</_>
        <_>
          13 10 1 3 2.</_></rects>
      <tilted>0</tilted></_>
    <_>
      <rects>
        <_>
          12 7 9 6 -1.</_>
        <_>
          10 9 9 2 3.</_></rects>
      <tilted>1</tilted></_>
    <_>
      <rects>
        <_>
          12 8 6 6 -1.</_>
        <_>
          14 10 2 2 9.</_></rects>
      <tilted>0</tilted></_>
    <_>
      <rects>
        <_>
          12 8 4 3 -1.</_>
        <_>
          14 8 2 3 2.</_></rects>
      <tilted>0</tilted></_>
    <_>
      <rects>
        <_>
          12 9 3 2 -1.</_>
        <_>
          12 10 3 1 2.</_></rects>
      <tilted>0</tilted></_>
    <_>
      <rects>
        <_>
          12 10 3 1 -1.</_>
        <_>
          13 10 1 1 3.</_></rects>
      <tilted>0</tilted></_>
    <_>
      <rects>
        <_>
          12 10 3 3 -1.</_>
        <_>
          13 11 1 1 9.</_></rects>
      <tilted>0</tilted></_>
    <_>
      <rects>
        <_>
          12 10 4 4 -1.</_>
        <_>
          12 11 4 2 2.</_></rects>
      <tilted>0</tilted></_>
    <_>
      <rects>
        <_>
          12 11 3 1 -1.</_>
        <_>
          13 11 1 1 3.</_></rects>
      <tilted>0</tilted></_>
    <_>
      <rects>
        <_>
          12 11 3 3 -1.</_>
        <_>
          13 12 1 1 9.</_></rects>
      <tilted>0</tilted></_>
    <_>
      <rects>
        <_>
          12 11 3 2 -1.</_>
        <_>
          13 11 1 2 3.</_></rects>
      <tilted>0</tilted></_>
    <_>
      <rects>
        <_>
          12 11 2 7 -1.</_>
        <_>
          13 11 1 7 2.</_></rects>
      <tilted>0</tilted></_>
    <_>
      <rects>
        <_>
          12 12 3 1 -1.</_>
        <_>
          13 12 1 1 3.</_></rects>
      <tilted>0</tilted></_>
    <_>
      <rects>
        <_>
          12 15 1 2 -1.</_>
        <_>
          12 16 1 1 2.</_></rects>
      <tilted>0</tilted></_>
    <_>
      <rects>
        <_>
          12 16 1 2 -1.</_>
        <_>
          12 17 1 1 2.</_></rects>
      <tilted>0</tilted></_>
    <_>
      <rects>
        <_>
          12 16 4 1 -1.</_>
        <_>
          14 16 2 1 2.</_></rects>
      <tilted>0</tilted></_>
    <_>
      <rects>
        <_>
          12 16 2 3 -1.</_>
        <_>
          12 17 2 1 3.</_></rects>
      <tilted>0</tilted></_>
    <_>
      <rects>
        <_>
          12 17 2 1 -1.</_>
        <_>
          13 17 1 1 2.</_></rects>
      <tilted>0</tilted></_>
    <_>
      <rects>
        <_>
          13 2 6 11 -1.</_>
        <_>
          16 2 3 11 2.</_></rects>
      <tilted>0</tilted></_>
    <_>
      <rects>
        <_>
          13 5 3 6 -1.</_>
        <_>
          14 7 1 2 9.</_></rects>
      <tilted>0</tilted></_>
    <_>
      <rects>
        <_>
          13 5 6 8 -1.</_>
        <_>
          13 5 3 8 2.</_></rects>
      <tilted>1</tilted></_>
    <_>
      <rects>
        <_>
          13 6 2 1 -1.</_>
        <_>
          14 6 1 1 2.</_></rects>
      <tilted>0</tilted></_>
    <_>
      <rects>
        <_>
          13 7 2 1 -1.</_>
        <_>
          14 7 1 1 2.</_></rects>
      <tilted>0</tilted></_>
    <_>
      <rects>
        <_>
          13 7 1 4 -1.</_>
        <_>
          13 8 1 2 2.</_></rects>
      <tilted>0</tilted></_>
    <_>
      <rects>
        <_>
          13 7 1 10 -1.</_>
        <_>
          13 12 1 5 2.</_></rects>
      <tilted>0</tilted></_>
    <_>
      <rects>
        <_>
          13 7 4 1 -1.</_>
        <_>
          15 7 2 1 2.</_></rects>
      <tilted>0</tilted></_>
    <_>
      <rects>
        <_>
          13 7 6 6 -1.</_>
        <_>
          13 7 6 3 2.</_></rects>
      <tilted>1</tilted></_>
    <_>
      <rects>
        <_>
          13 8 2 12 -1.</_>
        <_>
          13 12 2 4 3.</_></rects>
      <tilted>0</tilted></_>
    <_>
      <rects>
        <_>
          13 9 1 6 -1.</_>
        <_>
          13 11 1 2 3.</_></rects>
      <tilted>0</tilted></_>
    <_>
      <rects>
        <_>
          13 9 6 6 -1.</_>
        <_>
          15 11 2 2 9.</_></rects>
      <tilted>0</tilted></_>
    <_>
      <rects>
        <_>
          13 11 3 1 -1.</_>
        <_>
          14 11 1 1 3.</_></rects>
      <tilted>0</tilted></_>
    <_>
      <rects>
        <_>
          13 11 3 2 -1.</_>
        <_>
          14 11 1 2 3.</_></rects>
      <tilted>0</tilted></_>
    <_>
      <rects>
        <_>
          13 12 3 1 -1.</_>
        <_>
          14 12 1 1 3.</_></rects>
      <tilted>0</tilted></_>
    <_>
      <rects>
        <_>
          13 12 1 4 -1.</_>
        <_>
          13 14 1 2 2.</_></rects>
      <tilted>0</tilted></_>
    <_>
      <rects>
        <_>
          13 12 3 3 -1.</_>
        <_>
          12 13 3 1 3.</_></rects>
      <tilted>1</tilted></_>
    <_>
      <rects>
        <_>
          13 13 1 3 -1.</_>
        <_>
          13 14 1 1 3.</_></rects>
      <tilted>0</tilted></_>
    <_>
      <rects>
        <_>
          13 13 1 4 -1.</_>
        <_>
          13 14 1 2 2.</_></rects>
      <tilted>0</tilted></_>
    <_>
      <rects>
        <_>
          13 16 2 1 -1.</_>
        <_>
          14 16 1 1 2.</_></rects>
      <tilted>0</tilted></_>
    <_>
      <rects>
        <_>
          14 5 2 1 -1.</_>
        <_>
          14 5 1 1 2.</_></rects>
      <tilted>1</tilted></_>
    <_>
      <rects>
        <_>
          14 6 4 3 -1.</_>
        <_>
          13 7 4 1 3.</_></rects>
      <tilted>1</tilted></_>
    <_>
      <rects>
        <_>
          14 7 1 2 -1.</_>
        <_>
          14 8 1 1 2.</_></rects>
      <tilted>0</tilted></_>
    <_>
      <rects>
        <_>
          14 8 1 4 -1.</_>
        <_>
          14 9 1 2 2.</_></rects>
      <tilted>0</tilted></_>
    <_>
      <rects>
        <_>
          14 8 4 6 -1.</_>
        <_>
          14 8 4 3 2.</_></rects>
      <tilted>1</tilted></_>
    <_>
      <rects>
        <_>
          14 10 2 1 -1.</_>
        <_>
          15 10 1 1 2.</_></rects>
      <tilted>0</tilted></_>
    <_>
      <rects>
        <_>
          14 10 3 1 -1.</_>
        <_>
          15 10 1 1 3.</_></rects>
      <tilted>0</tilted></_>
    <_>
      <rects>
        <_>
          14 11 3 1 -1.</_>
        <_>
          15 11 1 1 3.</_></rects>
      <tilted>0</tilted></_>
    <_>
      <rects>
        <_>
          14 11 1 6 -1.</_>
        <_>
          14 13 1 2 3.</_></rects>
      <tilted>0</tilted></_>
    <_>
      <rects>
        <_>
          14 12 3 1 -1.</_>
        <_>
          15 12 1 1 3.</_></rects>
      <tilted>0</tilted></_>
    <_>
      <rects>
        <_>
          14 12 3 6 -1.</_>
        <_>
          15 14 1 2 9.</_></rects>
      <tilted>0</tilted></_>
    <_>
      <rects>
        <_>
          14 15 3 3 -1.</_>
        <_>
          15 16 1 1 9.</_></rects>
      <tilted>0</tilted></_>
    <_>
      <rects>
        <_>
          15 4 6 11 -1.</_>
        <_>
          15 4 3 11 2.</_></rects>
      <tilted>1</tilted></_>
    <_>
      <rects>
        <_>
          15 5 7 8 -1.</_>
        <_>
          15 5 7 4 2.</_></rects>
      <tilted>1</tilted></_>
    <_>
      <rects>
        <_>
          15 6 4 8 -1.</_>
        <_>
          15 6 2 8 2.</_></rects>
      <tilted>1</tilted></_>
    <_>
      <rects>
        <_>
          15 6 4 10 -1.</_>
        <_>
          15 6 2 10 2.</_></rects>
      <tilted>1</tilted></_>
    <_>
      <rects>
        <_>
          15 8 5 6 -1.</_>
        <_>
          13 10 5 2 3.</_></rects>
      <tilted>1</tilted></_>
    <_>
      <rects>
        <_>
          15 11 3 1 -1.</_>
        <_>
          16 11 1 1 3.</_></rects>
      <tilted>0</tilted></_>
    <_>
      <rects>
        <_>
          15 11 3 3 -1.</_>
        <_>
          16 12 1 3 3.</_></rects>
      <tilted>1</tilted></_>
    <_>
      <rects>
        <_>
          15 12 3 1 -1.</_>
        <_>
          16 12 1 1 3.</_></rects>
      <tilted>0</tilted></_>
    <_>
      <rects>
        <_>
          16 7 2 8 -1.</_>
        <_>
          16 7 2 4 2.</_></rects>
      <tilted>1</tilted></_>
    <_>
      <rects>
        <_>
          16 10 4 3 -1.</_>
        <_>
          17 10 2 3 2.</_></rects>
      <tilted>0</tilted></_>
    <_>
      <rects>
        <_>
          16 15 8 2 -1.</_>
        <_>
          20 15 4 2 2.</_></rects>
      <tilted>0</tilted></_>
    <_>
      <rects>
        <_>
          17 4 4 13 -1.</_>
        <_>
          17 4 2 13 2.</_></rects>
      <tilted>1</tilted></_>
    <_>
      <rects>
        <_>
          17 14 1 2 -1.</_>
        <_>
          17 14 1 1 2.</_></rects>
      <tilted>1</tilted></_>
    <_>
      <rects>
        <_>
          18 10 6 2 -1.</_>
        <_>
          20 12 2 2 3.</_></rects>
      <tilted>1</tilted></_>
    <_>
      <rects>
        <_>
          18 15 6 1 -1.</_>
        <_>
          21 15 3 1 2.</_></rects>
      <tilted>0</tilted></_>
    <_>
      <rects>
        <_>
          19 2 5 3 -1.</_>
        <_>
          18 3 5 1 3.</_></rects>
      <tilted>1</tilted></_>
    <_>
      <rects>
        <_>
          19 13 4 4 -1.</_>
        <_>
          20 14 2 4 2.</_></rects>
      <tilted>1</tilted></_>
    <_>
      <rects>
        <_>
          19 14 4 2 -1.</_>
        <_>
          21 14 2 2 2.</_></rects>
      <tilted>0</tilted></_>
    <_>
      <rects>
        <_>
          20 11 4 5 -1.</_>
        <_>
          22 11 2 5 2.</_></rects>
      <tilted>0</tilted></_>
    <_>
      <rects>
        <_>
          20 13 4 7 -1.</_>
        <_>
          20 13 2 7 2.</_></rects>
      <tilted>1</tilted></_>
    <_>
      <rects>
        <_>
          20 14 3 1 -1.</_>
        <_>
          21 14 1 1 3.</_></rects>
      <tilted>0</tilted></_>
    <_>
      <rects>
        <_>
          21 2 3 6 -1.</_>
        <_>
          21 2 3 3 2.</_></rects>
      <tilted>1</tilted></_>
    <_>
      <rects>
        <_>
          22 0 1 2 -1.</_>
        <_>
          22 1 1 1 2.</_></rects>
      <tilted>0</tilted></_>
    <_>
      <rects>
        <_>
          22 13 2 9 -1.</_>
        <_>
          22 13 1 9 2.</_></rects>
      <tilted>1</tilted></_></features></cascade>
</opencv_storage>